Date,Datestamp,Australian Dollar (AUD),Euro (EUR),U.K. Pound (GBP),U.S. Dollar (USD)
29-Apr-2013,2013-04-29,1.0312,1.3113,1.5522,1.0
30-Apr-2013,2013-04-30,1.0368,1.3072,1.5485,1.0
1-May-2013,2013-05-01,1.0367,1.3072,1.5569,1.0
2-May-2013,2013-05-02,1.0231,1.3191,1.5574,1.0
3-May-2013,2013-05-03,1.0271,1.3114,1.5555,1.0
6-May-2013,2013-05-06,1.029,1.3107,1.5538,1.0
7-May-2013,2013-05-07,1.0193,1.3107,1.5534,1.0
8-May-2013,2013-05-08,1.0187,1.3135,1.5503,1.0
9-May-2013,2013-05-09,1.0237,1.3142,1.557,1.0
10-May-2013,2013-05-10,1.0071,1.2988,1.54,1.0
13-May-2013,2013-05-13,0.9996,1.2973,1.5372,1.0
14-May-2013,2013-05-14,0.9989,1.2977,1.5277,1.0
15-May-2013,2013-05-15,0.9892,1.2864,1.5204,1.0
16-May-2013,2013-05-16,0.9861,1.2890000000000001,1.5211,1.0
17-May-2013,2013-05-17,0.976,1.2869,1.5249,1.0
20-May-2013,2013-05-20,0.9771,1.2853,1.5198,1.0
21-May-2013,2013-05-21,0.9826,1.2866,1.5152,1.0
22-May-2013,2013-05-22,0.977,1.2923,1.5092,1.0
23-May-2013,2013-05-23,0.9614,1.2888,1.5087,1.0
24-May-2013,2013-05-24,0.9686,1.2939,1.5118,1.0
28-May-2013,2013-05-28,0.9649,1.2938,1.5108,1.0
29-May-2013,2013-05-29,0.9539,1.2952,1.5068,1.0
30-May-2013,2013-05-30,0.9674,1.2944,1.5154,1.0
31-May-2013,2013-05-31,0.9649,1.3006,1.5214,1.0
3-Jun-2013,2013-06-03,0.9635,1.3008,1.5253,1.0
4-Jun-2013,2013-06-04,0.9733,1.3092,1.5293,1.0
5-Jun-2013,2013-06-05,0.9617,1.3067,1.536,1.0
6-Jun-2013,2013-06-06,0.9443,1.3118,1.5449,1.0
7-Jun-2013,2013-06-07,0.9504,1.3259999999999998,1.5576,1.0
10-Jun-2013,2013-06-10,0.9504,1.3209,1.5541,1.0
11-Jun-2013,2013-06-11,0.9407,1.3273,1.554,1.0
12-Jun-2013,2013-06-12,0.9418,1.3277,1.5661,1.0
13-Jun-2013,2013-06-13,0.9463,1.3315,1.5671,1.0
14-Jun-2013,2013-06-14,0.9581,1.3303,1.5645,1.0
17-Jun-2013,2013-06-17,0.9625,1.3337,1.5708,1.0
18-Jun-2013,2013-06-18,0.9514,1.3374,1.5619,1.0
19-Jun-2013,2013-06-19,0.9485,1.3406,1.5639,1.0
20-Jun-2013,2013-06-20,0.924,1.32,1.5453,1.0
21-Jun-2013,2013-06-21,0.9233,1.318,1.548,1.0
24-Jun-2013,2013-06-24,0.9202,1.3086,1.5354,1.0
25-Jun-2013,2013-06-25,0.9252,1.3134,1.5448,1.0
26-Jun-2013,2013-06-26,0.9269,1.3024,1.5358,1.0
27-Jun-2013,2013-06-27,0.9318,1.3032,1.5284,1.0
28-Jun-2013,2013-06-28,0.9275,1.308,1.5231,1.0
1-Jul-2013,2013-07-01,0.9194,1.3037,1.5223,1.0
2-Jul-2013,2013-07-02,0.9172,1.3017,1.5194,1.0
3-Jul-2013,2013-07-03,0.9083,1.2959,1.5254,1.0
8-Jul-2013,2013-07-08,0.9051,1.285,1.4906,1.0
9-Jul-2013,2013-07-09,0.9137,1.2857,1.4856,1.0
10-Jul-2013,2013-07-10,0.9189,1.2813,1.4899,1.0
11-Jul-2013,2013-07-11,0.9295,1.3044,1.5112,1.0
12-Jul-2013,2013-07-12,0.917,1.3034,1.5109,1.0
15-Jul-2013,2013-07-15,0.9107,1.3012,1.5054,1.0
16-Jul-2013,2013-07-16,0.9194,1.3118,1.5104,1.0
17-Jul-2013,2013-07-17,0.9215,1.3136,1.5222,1.0
18-Jul-2013,2013-07-18,0.9179,1.3093,1.5219,1.0
19-Jul-2013,2013-07-19,0.9181,1.3123,1.5253,1.0
22-Jul-2013,2013-07-22,0.9223,1.3166,1.5333,1.0
23-Jul-2013,2013-07-23,0.9258,1.318,1.5348,1.0
24-Jul-2013,2013-07-24,0.9253,1.3246,1.5351,1.0
25-Jul-2013,2013-07-25,0.9164,1.3202,1.5282,1.0
26-Jul-2013,2013-07-26,0.9271,1.3259999999999998,1.5405,1.0
29-Jul-2013,2013-07-29,0.9257,1.327,1.5390000000000001,1.0
30-Jul-2013,2013-07-30,0.9072,1.3284,1.5313,1.0
31-Jul-2013,2013-07-31,0.9037,1.3275,1.5196,1.0
1-Aug-2013,2013-08-01,0.8969,1.3236,1.5165,1.0
2-Aug-2013,2013-08-02,0.8909,1.3203,1.5146,1.0
5-Aug-2013,2013-08-05,0.8909,1.3257,1.5348,1.0
6-Aug-2013,2013-08-06,0.8977,1.328,1.5358,1.0
7-Aug-2013,2013-08-07,0.8957,1.3305,1.5448,1.0
8-Aug-2013,2013-08-08,0.908,1.3359999999999999,1.5511,1.0
9-Aug-2013,2013-08-09,0.9118,1.3373,1.5532,1.0
12-Aug-2013,2013-08-12,0.9203,1.328,1.548,1.0
13-Aug-2013,2013-08-13,0.9127,1.329,1.5453,1.0
14-Aug-2013,2013-08-14,0.9099,1.3243,1.5483,1.0
15-Aug-2013,2013-08-15,0.9166,1.3297,1.5578,1.0
16-Aug-2013,2013-08-16,0.9147,1.334,1.5642,1.0
19-Aug-2013,2013-08-19,0.9216,1.3344,1.565,1.0
20-Aug-2013,2013-08-20,0.906,1.3392,1.5661,1.0
21-Aug-2013,2013-08-21,0.9037,1.3384,1.5665,1.0
22-Aug-2013,2013-08-22,0.8991,1.3323,1.5574,1.0
23-Aug-2013,2013-08-23,0.9009,1.3355,1.5603,1.0
26-Aug-2013,2013-08-26,0.904,1.3361,1.5603,1.0
27-Aug-2013,2013-08-27,0.8959,1.3338,1.5516,1.0
28-Aug-2013,2013-08-28,0.8924,1.3347,1.5463,1.0
29-Aug-2013,2013-08-29,0.8973,1.3266,1.5507,1.0
30-Aug-2013,2013-08-30,0.8947,1.3235,1.5501,1.0
3-Sep-2013,2013-09-03,0.9033,1.3172,1.5575,1.0
4-Sep-2013,2013-09-04,0.9097,1.3171,1.5612,1.0
5-Sep-2013,2013-09-05,0.9161,1.3202,1.5615,1.0
6-Sep-2013,2013-09-06,0.9131,1.3117,1.5565,1.0
9-Sep-2013,2013-09-09,0.9191,1.3194,1.5673,1.0
10-Sep-2013,2013-09-10,0.9275,1.324,1.5702,1.0
11-Sep-2013,2013-09-11,0.9289,1.3268,1.5771,1.0
12-Sep-2013,2013-09-12,0.9249,1.329,1.5811,1.0
13-Sep-2013,2013-09-13,0.9235,1.3295,1.5812,1.0
16-Sep-2013,2013-09-16,0.9324,1.3357,1.5924,1.0
17-Sep-2013,2013-09-17,0.9313,1.3356,1.5903,1.0
18-Sep-2013,2013-09-18,0.935,1.3352,1.5966,1.0
19-Sep-2013,2013-09-19,0.9496,1.3545,1.6081,1.0
20-Sep-2013,2013-09-20,0.9454,1.3514,1.6024,1.0
23-Sep-2013,2013-09-23,0.9432,1.3508,1.6052,1.0
24-Sep-2013,2013-09-24,0.9411,1.3473,1.5982,1.0
25-Sep-2013,2013-09-25,0.9381,1.3504,1.604,1.0
26-Sep-2013,2013-09-26,0.9376,1.3499,1.6057,1.0
27-Sep-2013,2013-09-27,0.9359,1.3537,1.6088,1.0
30-Sep-2013,2013-09-30,0.9309,1.3505,1.6153,1.0
1-Oct-2013,2013-10-01,0.9396,1.3554,1.6230000000000002,1.0
2-Oct-2013,2013-10-02,0.9369,1.3515,1.6202,1.0
3-Oct-2013,2013-10-03,0.9391,1.3594,1.6215,1.0
4-Oct-2013,2013-10-04,0.9443,1.3593,1.6048,1.0
7-Oct-2013,2013-10-07,0.9443,1.3572,1.607,1.0
8-Oct-2013,2013-10-08,0.9434,1.3576,1.6082,1.0
9-Oct-2013,2013-10-09,0.9434,1.3515,1.5972,1.0
10-Oct-2013,2013-10-10,0.9397,1.3532,1.5938,1.0
11-Oct-2013,2013-10-11,0.947,1.3566,1.5977,1.0
15-Oct-2013,2013-10-15,0.9533,1.3493,1.5923,1.0
16-Oct-2013,2013-10-16,0.9525,1.3561,1.6032,1.0
17-Oct-2013,2013-10-17,0.9542,1.3662,1.6059999999999999,1.0
18-Oct-2013,2013-10-18,0.9617,1.3684,1.6212,1.0
21-Oct-2013,2013-10-21,0.9672,1.3667,1.6167,1.0
22-Oct-2013,2013-10-22,0.9649,1.3674,1.6133,1.0
23-Oct-2013,2013-10-23,0.9655,1.3752,1.6130000000000002,1.0
24-Oct-2013,2013-10-24,0.9651,1.3805,1.6182,1.0
25-Oct-2013,2013-10-25,0.9615,1.3777,1.6199,1.0
28-Oct-2013,2013-10-28,0.9609,1.3784,1.6188,1.0
29-Oct-2013,2013-10-29,0.9515,1.3768,1.6069,1.0
30-Oct-2013,2013-10-30,0.9482,1.3755,1.6064,1.0
31-Oct-2013,2013-10-31,0.949,1.3641,1.6037,1.0
1-Nov-2013,2013-11-01,0.9481,1.3505,1.5955,1.0
4-Nov-2013,2013-11-04,0.9481,1.3506,1.5972,1.0
5-Nov-2013,2013-11-05,0.9467,1.3494,1.6048,1.0
6-Nov-2013,2013-11-06,0.9518,1.3517,1.6087,1.0
7-Nov-2013,2013-11-07,0.9477,1.3365,1.6081,1.0
8-Nov-2013,2013-11-08,0.9465,1.3431,1.6075,1.0
11-Nov-2013,2013-11-11,0.9382,1.3394,1.5993,1.0
12-Nov-2013,2013-11-12,0.9336,1.3432,1.5877,1.0
13-Nov-2013,2013-11-13,0.9306,1.3415,1.5965,1.0
14-Nov-2013,2013-11-14,0.9347,1.3436,1.6019,1.0
15-Nov-2013,2013-11-15,0.9344,1.3459999999999999,1.6077,1.0
18-Nov-2013,2013-11-18,0.9398,1.3517,1.6099,1.0
19-Nov-2013,2013-11-19,0.9386,1.3502,1.6075,1.0
20-Nov-2013,2013-11-20,0.9406,1.3527,1.6141,1.0
21-Nov-2013,2013-11-21,0.9296,1.3472,1.6129,1.0
22-Nov-2013,2013-11-22,0.9177,1.3518,1.6196,1.0
25-Nov-2013,2013-11-25,0.9144,1.3514,1.6205,1.0
26-Nov-2013,2013-11-26,0.9195,1.3547,1.6183,1.0
27-Nov-2013,2013-11-27,0.9123,1.3596,1.6319,1.0
2-Dec-2013,2013-12-02,0.9151,1.3536,1.6381,1.0
3-Dec-2013,2013-12-03,0.9068,1.3578,1.6429,1.0
4-Dec-2013,2013-12-04,0.9067,1.3592,1.6363,1.0
5-Dec-2013,2013-12-05,0.9041,1.3594,1.6345,1.0
6-Dec-2013,2013-12-06,0.9058,1.3661,1.6358,1.0
9-Dec-2013,2013-12-09,0.9105,1.3722,1.6380000000000001,1.0
10-Dec-2013,2013-12-10,0.9105,1.375,1.6439,1.0
11-Dec-2013,2013-12-11,0.9134,1.3767,1.6378,1.0
12-Dec-2013,2013-12-12,0.9025,1.3775,1.6402,1.0
13-Dec-2013,2013-12-13,0.8934,1.3727,1.6273,1.0
16-Dec-2013,2013-12-16,0.8954,1.3776,1.6323,1.0
17-Dec-2013,2013-12-17,0.8941,1.3749,1.626,1.0
18-Dec-2013,2013-12-18,0.8904,1.3749,1.6354,1.0
19-Dec-2013,2013-12-19,0.8836,1.3667,1.6372,1.0
20-Dec-2013,2013-12-20,0.8871,1.3655,1.6338,1.0
23-Dec-2013,2013-12-23,0.8945,1.3702,1.6357,1.0
24-Dec-2013,2013-12-24,0.892,1.3684,1.636,1.0
26-Dec-2013,2013-12-26,0.892,1.3684,1.636,1.0
27-Dec-2013,2013-12-27,0.8906,1.3814,1.6539,1.0
30-Dec-2013,2013-12-30,0.8865,1.3783,1.6468,1.0
2-Jan-2014,2014-01-02,0.8912,1.3658,1.6527,1.0
3-Jan-2014,2014-01-03,0.8982,1.3634,1.6463,1.0
6-Jan-2014,2014-01-06,0.8949,1.3602,1.6378,1.0
7-Jan-2014,2014-01-07,0.892,1.3641,1.6409,1.0
8-Jan-2014,2014-01-08,0.8931,1.3594,1.6423,1.0
9-Jan-2014,2014-01-09,0.8882,1.3612,1.6453,1.0
10-Jan-2014,2014-01-10,0.8905,1.3587,1.6423,1.0
13-Jan-2014,2014-01-13,0.9036,1.3654,1.6448,1.0
14-Jan-2014,2014-01-14,0.9035,1.3667,1.6426,1.0
15-Jan-2014,2014-01-15,0.8913,1.3606,1.6422,1.0
16-Jan-2014,2014-01-16,0.8814,1.3597,1.6335,1.0
17-Jan-2014,2014-01-17,0.8821,1.3584,1.6443,1.0
21-Jan-2014,2014-01-21,0.8821,1.3526,1.6417,1.0
22-Jan-2014,2014-01-22,0.8866,1.3566,1.6549,1.0
23-Jan-2014,2014-01-23,0.8798,1.3639,1.6596,1.0
24-Jan-2014,2014-01-24,0.8716,1.3687,1.6612,1.0
27-Jan-2014,2014-01-27,0.8716,1.3658,1.6562,1.0
28-Jan-2014,2014-01-28,0.8787,1.3649,1.6564,1.0
29-Jan-2014,2014-01-29,0.8806,1.3608,1.6558,1.0
30-Jan-2014,2014-01-30,0.8726,1.3574,1.6488,1.0
31-Jan-2014,2014-01-31,0.8763,1.3516,1.646,1.0
3-Feb-2014,2014-02-03,0.8755,1.3498,1.6333,1.0
4-Feb-2014,2014-02-04,0.888,1.3519,1.632,1.0
5-Feb-2014,2014-02-05,0.8892,1.3543,1.6274,1.0
6-Feb-2014,2014-02-06,0.8964,1.3495,1.631,1.0
7-Feb-2014,2014-02-07,0.894,1.3574,1.6335,1.0
10-Feb-2014,2014-02-10,0.8933,1.3638,1.6391,1.0
11-Feb-2014,2014-02-11,0.9009,1.3676,1.6434,1.0
12-Feb-2014,2014-02-12,0.905,1.3573,1.6526,1.0
13-Feb-2014,2014-02-13,0.8934,1.3675,1.663,1.0
14-Feb-2014,2014-02-14,0.8996,1.3707,1.6708,1.0
18-Feb-2014,2014-02-18,0.9057,1.3731,1.6683,1.0
19-Feb-2014,2014-02-19,0.9017,1.3745,1.6664,1.0
20-Feb-2014,2014-02-20,0.8954,1.3706,1.6655,1.0
21-Feb-2014,2014-02-21,0.8992,1.3707,1.6666,1.0
24-Feb-2014,2014-02-24,0.8968,1.3735,1.6639,1.0
25-Feb-2014,2014-02-25,0.9034,1.3754,1.6688,1.0
26-Feb-2014,2014-02-26,0.9011,1.3726,1.6691,1.0
27-Feb-2014,2014-02-27,0.894,1.3656,1.6641,1.0
28-Feb-2014,2014-02-28,0.8947,1.3813,1.6688,1.0
3-Mar-2014,2014-03-03,0.8947,1.3768,1.6716,1.0
4-Mar-2014,2014-03-04,0.893,1.3768,1.6691,1.0
5-Mar-2014,2014-03-05,0.896,1.3732,1.6703,1.0
6-Mar-2014,2014-03-06,0.9012,1.3745,1.6728,1.0
7-Mar-2014,2014-03-07,0.9088,1.3894,1.6765,1.0
10-Mar-2014,2014-03-10,0.9037,1.3881,1.6634,1.0
11-Mar-2014,2014-03-11,0.9029,1.385,1.661,1.0
12-Mar-2014,2014-03-12,0.8964,1.3887,1.6592,1.0
13-Mar-2014,2014-03-13,0.9072,1.3942,1.6714,1.0
14-Mar-2014,2014-03-14,0.901,1.3884,1.659,1.0
17-Mar-2014,2014-03-17,0.901,1.3906,1.661,1.0
18-Mar-2014,2014-03-18,0.9083,1.3902,1.6622,1.0
19-Mar-2014,2014-03-19,0.9119,1.3913,1.6653,1.0
20-Mar-2014,2014-03-20,0.902,1.3762,1.6516,1.0
21-Mar-2014,2014-03-21,0.9061,1.3780000000000001,1.6505,1.0
24-Mar-2014,2014-03-24,0.9081,1.3774,1.6491,1.0
25-Mar-2014,2014-03-25,0.9136,1.3789,1.6502,1.0
26-Mar-2014,2014-03-26,0.9195,1.3791,1.6546,1.0
27-Mar-2014,2014-03-27,0.9239,1.3758,1.6637,1.0
28-Mar-2014,2014-03-28,0.927,1.3759,1.6627,1.0
31-Mar-2014,2014-03-31,0.9221,1.3788,1.6643,1.0
1-Apr-2014,2014-04-01,0.9263,1.379,1.6643,1.0
2-Apr-2014,2014-04-02,0.9239,1.3795,1.6641,1.0
3-Apr-2014,2014-04-03,0.9219,1.3771,1.6591,1.0
4-Apr-2014,2014-04-04,0.9234,1.37,1.6586,1.0
7-Apr-2014,2014-04-07,0.9279,1.3723,1.6582,1.0
8-Apr-2014,2014-04-08,0.9292,1.3774,1.6714,1.0
9-Apr-2014,2014-04-09,0.9367,1.3794,1.6741,1.0
10-Apr-2014,2014-04-10,0.9414,1.3867,1.6788,1.0
11-Apr-2014,2014-04-11,0.9375,1.3872,1.6742,1.0
14-Apr-2014,2014-04-14,0.9392,1.3827,1.6719,1.0
15-Apr-2014,2014-04-15,0.9392,1.3803,1.6719,1.0
16-Apr-2014,2014-04-16,0.9378,1.3840000000000001,1.6789,1.0
17-Apr-2014,2014-04-17,0.9365,1.3855,1.6814,1.0
18-Apr-2014,2014-04-18,0.9365,1.3855,1.6814,1.0
21-Apr-2014,2014-04-21,0.9365,1.3855,1.6814,1.0
22-Apr-2014,2014-04-22,0.9356,1.3817,1.6822,1.0
23-Apr-2014,2014-04-23,0.9284,1.3834,1.6803,1.0
24-Apr-2014,2014-04-24,0.9294,1.382,1.679,1.0
25-Apr-2014,2014-04-25,0.9294,1.3831,1.6817,1.0
28-Apr-2014,2014-04-28,0.929,1.3861,1.6840000000000002,1.0
29-Apr-2014,2014-04-29,0.9242,1.3826,1.6804,1.0
30-Apr-2014,2014-04-30,0.9287,1.385,1.6821,1.0
1-May-2014,2014-05-01,0.9295,1.385,1.6902,1.0
2-May-2014,2014-05-02,0.9277,1.3862,1.6861,1.0
5-May-2014,2014-05-05,0.9269,1.3874,1.6869,1.0
6-May-2014,2014-05-06,0.9286,1.3945,1.6966,1.0
7-May-2014,2014-05-07,0.9344,1.3927,1.6965,1.0
8-May-2014,2014-05-08,0.9373,1.3953,1.6968,1.0
9-May-2014,2014-05-09,0.9362,1.3781,1.6896,1.0
12-May-2014,2014-05-12,0.9363,1.3765,1.6889,1.0
13-May-2014,2014-05-13,0.9344,1.3703,1.6832,1.0
14-May-2014,2014-05-14,0.9401,1.3719,1.6773,1.0
15-May-2014,2014-05-15,0.9376,1.3659,1.6754,1.0
16-May-2014,2014-05-16,0.9354,1.3696,1.6797,1.0
19-May-2014,2014-05-19,0.9351,1.3715,1.6818,1.0
20-May-2014,2014-05-20,0.9288,1.3702,1.6827,1.0
21-May-2014,2014-05-21,0.9235,1.3676,1.689,1.0
22-May-2014,2014-05-22,0.9264,1.3668,1.6865,1.0
23-May-2014,2014-05-23,0.9241,1.3630000000000002,1.6839,1.0
27-May-2014,2014-05-27,0.9271,1.3638,1.6822,1.0
28-May-2014,2014-05-28,0.9268,1.3608,1.6755,1.0
29-May-2014,2014-05-29,0.9283,1.3612,1.6725,1.0
30-May-2014,2014-05-30,0.9319,1.3607,1.673,1.0
2-Jun-2014,2014-06-02,0.926,1.3611,1.6754,1.0
3-Jun-2014,2014-06-03,0.927,1.3645,1.6744,1.0
4-Jun-2014,2014-06-04,0.9274,1.3627,1.6742,1.0
5-Jun-2014,2014-06-05,0.9278,1.3567,1.6765,1.0
6-Jun-2014,2014-06-06,0.9332,1.3642,1.6813,1.0
9-Jun-2014,2014-06-09,0.9332,1.3608,1.6809,1.0
10-Jun-2014,2014-06-10,0.9368,1.3547,1.6779,1.0
11-Jun-2014,2014-06-11,0.9385,1.3547,1.6780000000000002,1.0
12-Jun-2014,2014-06-12,0.9391,1.3528,1.6825,1.0
13-Jun-2014,2014-06-13,0.9418,1.3534,1.695,1.0
16-Jun-2014,2014-06-16,0.9412,1.3532,1.6968,1.0
17-Jun-2014,2014-06-17,0.9352,1.3568,1.6985,1.0
18-Jun-2014,2014-06-18,0.9337,1.3563,1.6945,1.0
19-Jun-2014,2014-06-19,0.9401,1.3619999999999999,1.7019,1.0
20-Jun-2014,2014-06-20,0.9405,1.3588,1.7043,1.0
23-Jun-2014,2014-06-23,0.9439,1.3596,1.7025,1.0
24-Jun-2014,2014-06-24,0.9422,1.3618,1.6993,1.0
25-Jun-2014,2014-06-25,0.9358,1.3615,1.6971,1.0
26-Jun-2014,2014-06-26,0.9406,1.3606,1.7028,1.0
27-Jun-2014,2014-06-27,0.9437,1.3619999999999999,1.7025,1.0
30-Jun-2014,2014-06-30,0.942,1.3658,1.7035,1.0
1-Jul-2014,2014-07-01,0.9454,1.3688,1.7136,1.0
2-Jul-2014,2014-07-02,0.9458,1.3656,1.7161,1.0
3-Jul-2014,2014-07-03,0.938,1.3646,1.7137,1.0
7-Jul-2014,2014-07-07,0.9356,1.3592,1.712,1.0
8-Jul-2014,2014-07-08,0.9385,1.3589,1.7119,1.0
9-Jul-2014,2014-07-09,0.9397,1.3603,1.7111,1.0
10-Jul-2014,2014-07-10,0.9397,1.3604,1.7112,1.0
11-Jul-2014,2014-07-11,0.9391,1.3595,1.7135,1.0
14-Jul-2014,2014-07-14,0.94,1.3627,1.7109999999999999,1.0
15-Jul-2014,2014-07-15,0.9387,1.3613,1.7152,1.0
16-Jul-2014,2014-07-16,0.9337,1.3532,1.7131,1.0
17-Jul-2014,2014-07-17,0.9377,1.3525,1.7109999999999999,1.0
18-Jul-2014,2014-07-18,0.9366,1.3525,1.7096,1.0
21-Jul-2014,2014-07-21,0.939,1.3518,1.7078,1.0
22-Jul-2014,2014-07-22,0.9389,1.3481,1.7068,1.0
23-Jul-2014,2014-07-23,0.9434,1.3465,1.7049,1.0
24-Jul-2014,2014-07-24,0.9448,1.3472,1.7013,1.0
25-Jul-2014,2014-07-25,0.9414,1.344,1.6986,1.0
28-Jul-2014,2014-07-28,0.939,1.3433,1.6986,1.0
29-Jul-2014,2014-07-29,0.9395,1.3429,1.6955,1.0
30-Jul-2014,2014-07-30,0.9382,1.3401,1.6935,1.0
31-Jul-2014,2014-07-31,0.9324,1.3379,1.6883,1.0
1-Aug-2014,2014-08-01,0.9294,1.3395,1.6836,1.0
4-Aug-2014,2014-08-04,0.9294,1.3422,1.6818,1.0
5-Aug-2014,2014-08-05,0.9342,1.3382,1.6871,1.0
6-Aug-2014,2014-08-06,0.9306,1.3345,1.683,1.0
7-Aug-2014,2014-08-07,0.9268,1.3368,1.6864,1.0
8-Aug-2014,2014-08-08,0.9246,1.3388,1.6805,1.0
11-Aug-2014,2014-08-11,0.928,1.3386,1.6782,1.0
12-Aug-2014,2014-08-12,0.9256,1.3346,1.6779,1.0
13-Aug-2014,2014-08-13,0.9298,1.3359999999999999,1.6715,1.0
14-Aug-2014,2014-08-14,0.9297,1.3373,1.6683,1.0
15-Aug-2014,2014-08-15,0.9332,1.3388,1.6691,1.0
18-Aug-2014,2014-08-18,0.9326,1.3383,1.6725,1.0
19-Aug-2014,2014-08-19,0.9338,1.3354,1.6647,1.0
20-Aug-2014,2014-08-20,0.928,1.3284,1.6640000000000001,1.0
21-Aug-2014,2014-08-21,0.9254,1.3262,1.6588,1.0
22-Aug-2014,2014-08-22,0.9326,1.3267,1.6573,1.0
25-Aug-2014,2014-08-25,0.9321,1.32,1.6583,1.0
26-Aug-2014,2014-08-26,0.9293,1.3192,1.6572,1.0
27-Aug-2014,2014-08-27,0.9319,1.3177,1.6579,1.0
28-Aug-2014,2014-08-28,0.9353,1.3178,1.6580000000000001,1.0
29-Aug-2014,2014-08-29,0.9349,1.3188,1.6592,1.0
2-Sep-2014,2014-09-02,0.9293,1.3115,1.6536,1.0
3-Sep-2014,2014-09-03,0.929,1.3151,1.6465,1.0
4-Sep-2014,2014-09-04,0.934,1.3015,1.6451,1.0
5-Sep-2014,2014-09-05,0.9341,1.2948,1.6312,1.0
8-Sep-2014,2014-09-08,0.9365,1.2947,1.6121,1.0
9-Sep-2014,2014-09-09,0.9266,1.2902,1.6130000000000002,1.0
10-Sep-2014,2014-09-10,0.9158,1.2929,1.6126,1.0
11-Sep-2014,2014-09-11,0.9176,1.2928,1.6241,1.0
12-Sep-2014,2014-09-12,0.906,1.2931,1.624,1.0
15-Sep-2014,2014-09-15,0.8996,1.2911,1.6246,1.0
16-Sep-2014,2014-09-16,0.9007,1.2949,1.6192,1.0
17-Sep-2014,2014-09-17,0.9069,1.2956,1.6307,1.0
18-Sep-2014,2014-09-18,0.8968,1.2872,1.6335,1.0
19-Sep-2014,2014-09-19,0.8966,1.2852,1.6387,1.0
22-Sep-2014,2014-09-22,0.891,1.2845,1.6326,1.0
23-Sep-2014,2014-09-23,0.8916,1.2892,1.6385,1.0
24-Sep-2014,2014-09-24,0.8876,1.2826,1.6407,1.0
25-Sep-2014,2014-09-25,0.882,1.2712,1.6303,1.0
26-Sep-2014,2014-09-26,0.8757,1.2732,1.6318,1.0
29-Sep-2014,2014-09-29,0.8757,1.2701,1.6231,1.0
30-Sep-2014,2014-09-30,0.8752,1.2583,1.618,1.0
1-Oct-2014,2014-10-01,0.8693,1.2603,1.619,1.0
2-Oct-2014,2014-10-02,0.8813,1.2631,1.6148,1.0
3-Oct-2014,2014-10-03,0.879,1.2616,1.607,1.0
6-Oct-2014,2014-10-06,0.879,1.2565,1.5984,1.0
7-Oct-2014,2014-10-07,0.876,1.2607,1.6063,1.0
8-Oct-2014,2014-10-08,0.8769,1.2645,1.6077,1.0
9-Oct-2014,2014-10-09,0.8883,1.2763,1.6214,1.0
10-Oct-2014,2014-10-10,0.8772,1.2638,1.6057,1.0
14-Oct-2014,2014-10-14,0.8796,1.2646,1.595,1.0
15-Oct-2014,2014-10-15,0.8721,1.2666,1.5919,1.0
16-Oct-2014,2014-10-16,0.8788,1.2749,1.5985,1.0
17-Oct-2014,2014-10-17,0.875,1.2823,1.6104,1.0
20-Oct-2014,2014-10-20,0.8774,1.2773,1.6123,1.0
21-Oct-2014,2014-10-21,0.8819,1.2762,1.6147,1.0
22-Oct-2014,2014-10-22,0.8791,1.2693,1.6053,1.0
23-Oct-2014,2014-10-23,0.8763,1.2669,1.6007,1.0
24-Oct-2014,2014-10-24,0.8758,1.2659,1.604,1.0
27-Oct-2014,2014-10-27,0.8817,1.2679,1.6095,1.0
28-Oct-2014,2014-10-28,0.8817,1.2748,1.6114,1.0
29-Oct-2014,2014-10-29,0.8868,1.2737,1.6116,1.0
30-Oct-2014,2014-10-30,0.8768,1.2598,1.5986,1.0
31-Oct-2014,2014-10-31,0.8805,1.2524,1.6004,1.0
3-Nov-2014,2014-11-03,0.8736,1.2493,1.6001,1.0
4-Nov-2014,2014-11-04,0.8721,1.2514,1.5999,1.0
5-Nov-2014,2014-11-05,0.8733,1.248,1.589,1.0
6-Nov-2014,2014-11-06,0.8608,1.2517,1.5955,1.0
7-Nov-2014,2014-11-07,0.8544,1.2393,1.5830000000000002,1.0
10-Nov-2014,2014-11-10,0.8671,1.2486,1.59,1.0
11-Nov-2014,2014-11-11,0.8622,1.2424,1.5866,1.0
12-Nov-2014,2014-11-12,0.8675,1.2467,1.5841,1.0
13-Nov-2014,2014-11-13,0.8701,1.2456,1.5753,1.0
14-Nov-2014,2014-11-14,0.8691,1.2436,1.5655,1.0
17-Nov-2014,2014-11-17,0.8788,1.2496,1.5642,1.0
18-Nov-2014,2014-11-18,0.8721,1.2514,1.5668,1.0
19-Nov-2014,2014-11-19,0.8665,1.2535,1.5684,1.0
20-Nov-2014,2014-11-20,0.8593,1.2539,1.5688,1.0
21-Nov-2014,2014-11-21,0.8633,1.2422,1.5664,1.0
24-Nov-2014,2014-11-24,0.8687,1.2409999999999999,1.5689,1.0
25-Nov-2014,2014-11-25,0.8593,1.2424,1.567,1.0
26-Nov-2014,2014-11-26,0.8535,1.2475,1.5745,1.0
1-Dec-2014,2014-12-01,0.8453,1.2469,1.5708,1.0
2-Dec-2014,2014-12-02,0.8504,1.2424,1.5681,1.0
3-Dec-2014,2014-12-03,0.8407,1.2331,1.5658,1.0
4-Dec-2014,2014-12-04,0.8398,1.2311,1.5679,1.0
5-Dec-2014,2014-12-05,0.8371,1.2362,1.5678,1.0
8-Dec-2014,2014-12-08,0.8277,1.2258,1.5619999999999998,1.0
9-Dec-2014,2014-12-09,0.8241,1.2369,1.5631,1.0
10-Dec-2014,2014-12-10,0.8321,1.2392,1.5694,1.0
11-Dec-2014,2014-12-11,0.8323,1.2428,1.5685,1.0
12-Dec-2014,2014-12-12,0.8274,1.245,1.5718,1.0
15-Dec-2014,2014-12-15,0.8236,1.2426,1.5666,1.0
16-Dec-2014,2014-12-16,0.8223,1.2537,1.5737,1.0
17-Dec-2014,2014-12-17,0.8158,1.2448,1.5731,1.0
18-Dec-2014,2014-12-18,0.814,1.2285,1.5654,1.0
19-Dec-2014,2014-12-19,0.8185,1.2279,1.5622,1.0
22-Dec-2014,2014-12-22,0.8161,1.2259,1.5613,1.0
23-Dec-2014,2014-12-23,0.8118,1.2213,1.5558,1.0
24-Dec-2014,2014-12-24,0.8112,1.2219,1.5543,1.0
29-Dec-2014,2014-12-29,0.8137,1.2197,1.5546,1.0
30-Dec-2014,2014-12-30,0.813,1.216,1.5535,1.0
31-Dec-2014,2014-12-31,0.8202,1.2141,1.5608,1.0
5-Jan-2015,2015-01-05,0.8061,1.1915,1.5254,1.0
6-Jan-2015,2015-01-06,0.8126,1.1914,1.5193,1.0
7-Jan-2015,2015-01-07,0.8074,1.1831,1.5121,1.0
8-Jan-2015,2015-01-08,0.8108,1.1768,1.5062,1.0
9-Jan-2015,2015-01-09,0.8138,1.1813,1.515,1.0
12-Jan-2015,2015-01-12,0.8244,1.1804,1.514,1.0
13-Jan-2015,2015-01-13,0.8172,1.1782,1.5142,1.0
14-Jan-2015,2015-01-14,0.8099,1.1775,1.5192,1.0
15-Jan-2015,2015-01-15,0.8204,1.1708,1.5235,1.0
16-Jan-2015,2015-01-16,0.8238,1.1588,1.5203,1.0
20-Jan-2015,2015-01-20,0.8175,1.1579,1.5143,1.0
21-Jan-2015,2015-01-21,0.8212,1.1593,1.5116,1.0
22-Jan-2015,2015-01-22,0.8071,1.1618,1.5179,1.0
23-Jan-2015,2015-01-23,0.7987,1.1198,1.4972,1.0
26-Jan-2015,2015-01-26,0.7987,1.1244,1.5014,1.0
27-Jan-2015,2015-01-27,0.7941,1.1306,1.508,1.0
28-Jan-2015,2015-01-28,0.7991,1.1344,1.5195,1.0
29-Jan-2015,2015-01-29,0.7869,1.1315,1.5130000000000001,1.0
30-Jan-2015,2015-01-30,0.7781,1.1305,1.5082,1.0
2-Feb-2015,2015-02-02,0.7769,1.131,1.5025,1.0
3-Feb-2015,2015-02-03,0.7659,1.1376,1.506,1.0
4-Feb-2015,2015-02-04,0.782,1.1446,1.5205,1.0
5-Feb-2015,2015-02-05,0.7769,1.141,1.5245,1.0
6-Feb-2015,2015-02-06,0.783,1.1447,1.5332,1.0
9-Feb-2015,2015-02-09,0.7761,1.1275,1.5221,1.0
10-Feb-2015,2015-02-10,0.7826,1.1297,1.5214,1.0
11-Feb-2015,2015-02-11,0.7769,1.1314,1.5292,1.0
12-Feb-2015,2015-02-12,0.7648,1.1328,1.5338,1.0
13-Feb-2015,2015-02-13,0.7783,1.1381,1.5386,1.0
17-Feb-2015,2015-02-17,0.7783,1.1415,1.5390000000000001,1.0
18-Feb-2015,2015-02-18,0.7827,1.1372,1.5422,1.0
19-Feb-2015,2015-02-19,0.7794,1.1387,1.5456,1.0
20-Feb-2015,2015-02-20,0.781,1.1298,1.5368,1.0
23-Feb-2015,2015-02-23,0.7834,1.1298,1.5361,1.0
24-Feb-2015,2015-02-24,0.7773,1.1328,1.5447,1.0
25-Feb-2015,2015-02-25,0.7886,1.1346,1.5498,1.0
26-Feb-2015,2015-02-26,0.7857,1.1317,1.5515,1.0
27-Feb-2015,2015-02-27,0.7792,1.124,1.5429,1.0
2-Mar-2015,2015-03-02,0.7768,1.1227,1.5404,1.0
3-Mar-2015,2015-03-03,0.7826,1.1168,1.5366,1.0
4-Mar-2015,2015-03-04,0.7812,1.1124,1.5341,1.0
5-Mar-2015,2015-03-05,0.782,1.1069,1.5244,1.0
6-Mar-2015,2015-03-06,0.7805,1.0963,1.5176,1.0
9-Mar-2015,2015-03-09,0.7694,1.0859999999999999,1.5103,1.0
10-Mar-2015,2015-03-10,0.7646,1.0738,1.5043,1.0
11-Mar-2015,2015-03-11,0.7604,1.0578,1.5053,1.0
12-Mar-2015,2015-03-12,0.7604,1.0613,1.4986,1.0
13-Mar-2015,2015-03-13,0.7671,1.0572,1.4802,1.0
16-Mar-2015,2015-03-16,0.7642,1.0557,1.4786,1.0
17-Mar-2015,2015-03-17,0.7635,1.0635,1.475,1.0
18-Mar-2015,2015-03-18,0.7621,1.0592,1.4635,1.0
19-Mar-2015,2015-03-19,0.7732,1.0677,1.4895,1.0
20-Mar-2015,2015-03-20,0.7678,1.0776,1.4776,1.0
23-Mar-2015,2015-03-23,0.7822,1.0912,1.4909999999999999,1.0
24-Mar-2015,2015-03-24,0.7861,1.095,1.4911,1.0
25-Mar-2015,2015-03-25,0.7873,1.0985,1.4915,1.0
26-Mar-2015,2015-03-26,0.7817,1.0973,1.4929,1.0
27-Mar-2015,2015-03-27,0.7804,1.0856,1.4905,1.0
30-Mar-2015,2015-03-30,0.7716,1.0845,1.4801,1.0
31-Mar-2015,2015-03-31,0.7634,1.0759,1.48,1.0
1-Apr-2015,2015-04-01,0.7639,1.0755,1.4774,1.0
2-Apr-2015,2015-04-02,0.7592,1.083,1.4785,1.0
3-Apr-2015,2015-04-03,0.7592,1.083,1.4785,1.0
6-Apr-2015,2015-04-06,0.7592,1.083,1.4785,1.0
7-Apr-2015,2015-04-07,0.7703,1.0847,1.4887,1.0
8-Apr-2015,2015-04-08,0.7674,1.0862,1.4943,1.0
9-Apr-2015,2015-04-09,0.7688,1.0774,1.4826,1.0
10-Apr-2015,2015-04-10,0.7688,1.057,1.4625,1.0
13-Apr-2015,2015-04-13,0.7596,1.0552,1.4598,1.0
14-Apr-2015,2015-04-14,0.759,1.0564,1.4649,1.0
15-Apr-2015,2015-04-15,0.7595,1.0579,1.4738,1.0
16-Apr-2015,2015-04-16,0.7743,1.0711,1.4907,1.0
17-Apr-2015,2015-04-17,0.7791,1.0814,1.5028,1.0
20-Apr-2015,2015-04-20,0.7817,1.0723,1.4917,1.0
21-Apr-2015,2015-04-21,0.7696,1.07,1.4879,1.0
22-Apr-2015,2015-04-22,0.7766,1.0743,1.5037,1.0
23-Apr-2015,2015-04-23,0.7748,1.0772,1.5005,1.0
24-Apr-2015,2015-04-24,0.7778,1.0824,1.5115,1.0
27-Apr-2015,2015-04-27,0.7827,1.0822,1.5133,1.0
28-Apr-2015,2015-04-28,0.7879,1.0927,1.5289,1.0
29-Apr-2015,2015-04-29,0.7993,1.1002,1.5368,1.0
30-Apr-2015,2015-04-30,0.7981,1.1215,1.5426,1.0
1-May-2015,2015-05-01,0.7903,1.1215,1.5277,1.0
4-May-2015,2015-05-04,0.7835,1.1152,1.5277,1.0
5-May-2015,2015-05-05,0.7894,1.1117,1.5132,1.0
6-May-2015,2015-05-06,0.7957,1.123,1.5225,1.0
7-May-2015,2015-05-07,0.7983,1.1305,1.5219,1.0
8-May-2015,2015-05-08,0.7901,1.1221,1.5424,1.0
11-May-2015,2015-05-11,0.7885,1.1142,1.548,1.0
12-May-2015,2015-05-12,0.7927,1.1239,1.5672,1.0
13-May-2015,2015-05-13,0.7967,1.1221,1.5682,1.0
14-May-2015,2015-05-14,0.8122,1.1419,1.5797,1.0
15-May-2015,2015-05-15,0.8043,1.1328,1.5723,1.0
18-May-2015,2015-05-18,0.8015,1.1389,1.5684,1.0
19-May-2015,2015-05-19,0.8001,1.1179999999999999,1.5519999999999998,1.0
20-May-2015,2015-05-20,0.7915,1.1118,1.5521,1.0
21-May-2015,2015-05-21,0.7901,1.1133,1.5688,1.0
22-May-2015,2015-05-22,0.7923,1.1164,1.5645,1.0
26-May-2015,2015-05-26,0.783,1.0926,1.5414,1.0
27-May-2015,2015-05-27,0.7756,1.0863,1.5385,1.0
28-May-2015,2015-05-28,0.7705,1.0896,1.5292,1.0
29-May-2015,2015-05-29,0.7663,1.097,1.5248,1.0
1-Jun-2015,2015-06-01,0.765,1.0944,1.5206,1.0
2-Jun-2015,2015-06-02,0.7684,1.1029,1.5238,1.0
3-Jun-2015,2015-06-03,0.7799,1.1134,1.5284,1.0
4-Jun-2015,2015-06-04,0.7725,1.1317,1.5433,1.0
5-Jun-2015,2015-06-05,0.7699,1.1218,1.53,1.0
8-Jun-2015,2015-06-08,0.7699,1.1162,1.5237,1.0
9-Jun-2015,2015-06-09,0.7692,1.1249,1.5291,1.0
10-Jun-2015,2015-06-10,0.7734,1.1279,1.5463,1.0
11-Jun-2015,2015-06-11,0.7762,1.1232,1.5467,1.0
12-Jun-2015,2015-06-12,0.7738,1.122,1.5504,1.0
15-Jun-2015,2015-06-15,0.7711,1.1218,1.5498,1.0
16-Jun-2015,2015-06-16,0.7754,1.1215,1.5584,1.0
17-Jun-2015,2015-06-17,0.7721,1.1279,1.5743,1.0
18-Jun-2015,2015-06-18,0.7734,1.1404,1.5903,1.0
19-Jun-2015,2015-06-19,0.7765,1.1299,1.5843,1.0
22-Jun-2015,2015-06-22,0.7794,1.1345,1.5818,1.0
23-Jun-2015,2015-06-23,0.7717,1.1204,1.5778,1.0
24-Jun-2015,2015-06-24,0.7723,1.1213,1.5756,1.0
25-Jun-2015,2015-06-25,0.7741,1.1206,1.5711,1.0
26-Jun-2015,2015-06-26,0.7718,1.1202,1.5741,1.0
29-Jun-2015,2015-06-29,0.7649,1.1133,1.5693,1.0
30-Jun-2015,2015-06-30,0.768,1.1189,1.5718,1.0
1-Jul-2015,2015-07-01,0.7713,1.11,1.5659,1.0
2-Jul-2015,2015-07-02,0.7649,1.1066,1.5595,1.0
6-Jul-2015,2015-07-06,0.7492,1.1008,1.5558,1.0
7-Jul-2015,2015-07-07,0.7489,1.0931,1.5459,1.0
8-Jul-2015,2015-07-08,0.7409,1.1024,1.5362,1.0
9-Jul-2015,2015-07-09,0.7479,1.1054,1.5383,1.0
10-Jul-2015,2015-07-10,0.7486,1.1185,1.5523,1.0
13-Jul-2015,2015-07-13,0.7449,1.1049,1.5559,1.0
14-Jul-2015,2015-07-14,0.7426,1.1031,1.5572,1.0
15-Jul-2015,2015-07-15,0.7462,1.1009,1.5634,1.0
16-Jul-2015,2015-07-16,0.7358,1.0867,1.5614,1.0
17-Jul-2015,2015-07-17,0.7414,1.0889,1.5603,1.0
20-Jul-2015,2015-07-20,0.7362,1.0852,1.5563,1.0
21-Jul-2015,2015-07-21,0.7351,1.0867,1.5545,1.0
22-Jul-2015,2015-07-22,0.741,1.0902,1.5606,1.0
23-Jul-2015,2015-07-23,0.7374,1.0999,1.5593,1.0
24-Jul-2015,2015-07-24,0.7299,1.0939,1.5493,1.0
27-Jul-2015,2015-07-27,0.7289,1.1058,1.5512,1.0
28-Jul-2015,2015-07-28,0.7306,1.1025,1.5591,1.0
29-Jul-2015,2015-07-29,0.7321,1.103,1.5641,1.0
30-Jul-2015,2015-07-30,0.7315,1.0955,1.5618,1.0
31-Jul-2015,2015-07-31,0.7294,1.0967,1.5574,1.0
3-Aug-2015,2015-08-03,0.7294,1.0951,1.56,1.0
4-Aug-2015,2015-08-04,0.737,1.0973,1.5596,1.0
5-Aug-2015,2015-08-05,0.7359,1.0883,1.5591,1.0
6-Aug-2015,2015-08-06,0.7335,1.0885,1.5588,1.0
7-Aug-2015,2015-08-07,0.7367,1.0941,1.551,1.0
10-Aug-2015,2015-08-10,0.7397,1.0959999999999999,1.5471,1.0
11-Aug-2015,2015-08-11,0.7316,1.1055,1.5577,1.0
12-Aug-2015,2015-08-12,0.7268,1.1155,1.5587,1.0
13-Aug-2015,2015-08-13,0.738,1.1109,1.5626,1.0
14-Aug-2015,2015-08-14,0.7375,1.1171,1.5630000000000002,1.0
17-Aug-2015,2015-08-17,0.7375,1.11,1.5630000000000002,1.0
18-Aug-2015,2015-08-18,0.7365,1.1059999999999999,1.5704,1.0
19-Aug-2015,2015-08-19,0.7331,1.1041,1.567,1.0
20-Aug-2015,2015-08-20,0.7346,1.1183,1.5649,1.0
21-Aug-2015,2015-08-21,0.7311,1.1281,1.5687,1.0
24-Aug-2015,2015-08-24,0.7234,1.1497,1.5717,1.0
25-Aug-2015,2015-08-25,0.7185,1.1506,1.5792,1.0
26-Aug-2015,2015-08-26,0.7139,1.1402,1.5625,1.0
27-Aug-2015,2015-08-27,0.7114,1.1284,1.5453,1.0
28-Aug-2015,2015-08-28,0.7168,1.1268,1.5389,1.0
31-Aug-2015,2015-08-31,0.7149,1.1215,1.5389,1.0
1-Sep-2015,2015-09-01,0.7126,1.1236,1.5353,1.0
2-Sep-2015,2015-09-02,0.7021,1.1255,1.5276,1.0
3-Sep-2015,2015-09-03,0.7,1.1229,1.5281,1.0
4-Sep-2015,2015-09-04,0.6972,1.1138,1.5227,1.0
8-Sep-2015,2015-09-08,0.6953,1.1162,1.5372,1.0
9-Sep-2015,2015-09-09,0.7057,1.1139,1.536,1.0
10-Sep-2015,2015-09-10,0.7014,1.1185,1.5386,1.0
11-Sep-2015,2015-09-11,0.7063,1.1268,1.5419,1.0
14-Sep-2015,2015-09-14,0.7077,1.1305,1.5431,1.0
15-Sep-2015,2015-09-15,0.7114,1.1320000000000001,1.5428,1.0
16-Sep-2015,2015-09-16,0.7137,1.1228,1.5430000000000001,1.0
17-Sep-2015,2015-09-17,0.7187,1.1312,1.5531,1.0
18-Sep-2015,2015-09-18,0.7209,1.1419,1.5638,1.0
21-Sep-2015,2015-09-21,0.717,1.125,1.5533,1.0
22-Sep-2015,2015-09-22,0.7139,1.1155,1.544,1.0
23-Sep-2015,2015-09-23,0.703,1.115,1.5314,1.0
24-Sep-2015,2015-09-24,0.6998,1.1241,1.5269,1.0
25-Sep-2015,2015-09-25,0.7013,1.1151,1.5219,1.0
28-Sep-2015,2015-09-28,0.702,1.117,1.5197,1.0
29-Sep-2015,2015-09-29,0.6949,1.1204,1.5191,1.0
30-Sep-2015,2015-09-30,0.701,1.1203,1.5199,1.0
1-Oct-2015,2015-10-01,0.7055,1.1153,1.5134,1.0
2-Oct-2015,2015-10-02,0.7038,1.1159999999999999,1.5149,1.0
5-Oct-2015,2015-10-05,0.7038,1.1236,1.5191,1.0
6-Oct-2015,2015-10-06,0.713,1.1224,1.5163,1.0
7-Oct-2015,2015-10-07,0.7178,1.1266,1.5313,1.0
8-Oct-2015,2015-10-08,0.7173,1.1254,1.5344,1.0
9-Oct-2015,2015-10-09,0.7284,1.1362,1.5338,1.0
13-Oct-2015,2015-10-13,0.7316,1.1374,1.5243,1.0
14-Oct-2015,2015-10-14,0.7226,1.141,1.536,1.0
15-Oct-2015,2015-10-15,0.7318,1.1439,1.5487,1.0
16-Oct-2015,2015-10-16,0.728,1.136,1.5449,1.0
19-Oct-2015,2015-10-19,0.7275,1.1333,1.5494,1.0
20-Oct-2015,2015-10-20,0.727,1.1373,1.548,1.0
21-Oct-2015,2015-10-21,0.7274,1.1354,1.5452,1.0
22-Oct-2015,2015-10-22,0.7203,1.1313,1.5479,1.0
23-Oct-2015,2015-10-23,0.725,1.1084,1.5388,1.0
26-Oct-2015,2015-10-26,0.7255,1.1011,1.5343,1.0
27-Oct-2015,2015-10-27,0.7232,1.1061,1.5333,1.0
28-Oct-2015,2015-10-28,0.7121,1.1085,1.5291,1.0
29-Oct-2015,2015-10-29,0.7103,1.093,1.5262,1.0
30-Oct-2015,2015-10-30,0.7099,1.1017,1.5349,1.0
2-Nov-2015,2015-11-02,0.714,1.1032,1.5465,1.0
3-Nov-2015,2015-11-03,0.7202,1.0976,1.5399,1.0
4-Nov-2015,2015-11-04,0.7205,1.0935,1.5419999999999998,1.0
5-Nov-2015,2015-11-05,0.715,1.0883,1.5390000000000001,1.0
6-Nov-2015,2015-11-06,0.7144,1.0864,1.5139,1.0
9-Nov-2015,2015-11-09,0.7058,1.0776,1.5104,1.0
10-Nov-2015,2015-11-10,0.7047,1.0711,1.5106,1.0
11-Nov-2015,2015-11-11,0.7068,1.0716,1.5161,1.0
12-Nov-2015,2015-11-12,0.7139,1.0726,1.5185,1.0
13-Nov-2015,2015-11-13,0.7135,1.0764,1.5221,1.0
16-Nov-2015,2015-11-16,0.7115,1.0723,1.5195,1.0
17-Nov-2015,2015-11-17,0.7089,1.067,1.5201,1.0
18-Nov-2015,2015-11-18,0.7097,1.0666,1.5212,1.0
19-Nov-2015,2015-11-19,0.717,1.0687,1.5265,1.0
20-Nov-2015,2015-11-20,0.7194,1.0688,1.5272,1.0
23-Nov-2015,2015-11-23,0.718,1.0631,1.5126,1.0
24-Nov-2015,2015-11-24,0.7196,1.0651,1.511,1.0
25-Nov-2015,2015-11-25,0.7265,1.0586,1.5061,1.0
30-Nov-2015,2015-11-30,0.7189,1.0579,1.5006,1.0
1-Dec-2015,2015-12-01,0.7264,1.06,1.5078,1.0
2-Dec-2015,2015-12-02,0.7306,1.0612,1.5033,1.0
3-Dec-2015,2015-12-03,0.7315,1.0671,1.4933,1.0
4-Dec-2015,2015-12-04,0.7322,1.0902,1.5116,1.0
7-Dec-2015,2015-12-07,0.7332,1.0809,1.5063,1.0
8-Dec-2015,2015-12-08,0.7229,1.0875,1.5,1.0
9-Dec-2015,2015-12-09,0.722,1.0941,1.5072,1.0
10-Dec-2015,2015-12-10,0.7285,1.0943,1.5176,1.0
11-Dec-2015,2015-12-11,0.7246,1.095,1.515,1.0
14-Dec-2015,2015-12-14,0.7196,1.0983,1.5119999999999998,1.0
15-Dec-2015,2015-12-15,0.725,1.099,1.5156,1.0
16-Dec-2015,2015-12-16,0.7204,1.0933,1.5025,1.0
17-Dec-2015,2015-12-17,0.7182,1.0841,1.4916,1.0
18-Dec-2015,2015-12-18,0.7134,1.0836,1.4918,1.0
21-Dec-2015,2015-12-21,0.7162,1.087,1.4898,1.0
22-Dec-2015,2015-12-22,0.7222,1.0952,1.4873,1.0
23-Dec-2015,2015-12-23,0.7233,1.0916,1.4888,1.0
24-Dec-2015,2015-12-24,0.7255,1.0947,1.4921,1.0
28-Dec-2015,2015-12-28,0.7255,1.0962,1.4921,1.0
29-Dec-2015,2015-12-29,0.7263,1.0952,1.4824,1.0
30-Dec-2015,2015-12-30,0.7288,1.0926,1.4809999999999999,1.0
31-Dec-2015,2015-12-31,0.7306,1.0887,1.4819,1.0
4-Jan-2016,2016-01-04,0.7223,1.0898,1.4769999999999999,1.0
5-Jan-2016,2016-01-05,0.721,1.0746,1.4669,1.0
6-Jan-2016,2016-01-06,0.7123,1.0742,1.4663,1.0
7-Jan-2016,2016-01-07,0.7041,1.0868,1.4566,1.0
8-Jan-2016,2016-01-08,0.7061,1.0861,1.4602,1.0
11-Jan-2016,2016-01-11,0.6976,1.0888,1.4568,1.0
12-Jan-2016,2016-01-12,0.698,1.0836,1.4432,1.0
13-Jan-2016,2016-01-13,0.7033,1.0816,1.4392,1.0
14-Jan-2016,2016-01-14,0.693,1.0893,1.4384,1.0
15-Jan-2016,2016-01-15,0.6948,1.0914,1.4352,1.0
19-Jan-2016,2016-01-19,0.6875,1.0868,1.4302,1.0
20-Jan-2016,2016-01-20,0.6867,1.0907,1.4157,1.0
21-Jan-2016,2016-01-21,0.6905,1.0893,1.4119,1.0
22-Jan-2016,2016-01-22,0.7006,1.0808,1.4292,1.0
25-Jan-2016,2016-01-25,0.7025,1.0815,1.4235,1.0
26-Jan-2016,2016-01-26,0.7025,1.0837,1.4235,1.0
27-Jan-2016,2016-01-27,0.7021,1.0888,1.4308,1.0
28-Jan-2016,2016-01-28,0.7046,1.0903,1.4307,1.0
29-Jan-2016,2016-01-29,0.71,1.092,1.4304,1.0
1-Feb-2016,2016-02-01,0.7072,1.0884,1.4272,1.0
2-Feb-2016,2016-02-02,0.7077,1.0919,1.4424,1.0
3-Feb-2016,2016-02-03,0.7015,1.0933,1.4499,1.0
4-Feb-2016,2016-02-04,0.7171,1.1206,1.4597,1.0
5-Feb-2016,2016-02-05,0.719,1.1202,1.4529,1.0
8-Feb-2016,2016-02-08,0.709,1.1101,1.4419,1.0
9-Feb-2016,2016-02-09,0.703,1.1236,1.4423,1.0
10-Feb-2016,2016-02-10,0.7052,1.1257,1.4518,1.0
11-Feb-2016,2016-02-11,0.709,1.1347,1.4421,1.0
12-Feb-2016,2016-02-12,0.7104,1.1275,1.4534,1.0
16-Feb-2016,2016-02-16,0.7155,1.1166,1.4421,1.0
17-Feb-2016,2016-02-17,0.709,1.1136,1.4311,1.0
18-Feb-2016,2016-02-18,0.7155,1.1084,1.4369999999999998,1.0
19-Feb-2016,2016-02-19,0.7107,1.1096,1.4288,1.0
22-Feb-2016,2016-02-22,0.7167,1.1026,1.4122,1.0
23-Feb-2016,2016-02-23,0.7231,1.1002,1.411,1.0
24-Feb-2016,2016-02-24,0.7181,1.0981,1.3883,1.0
25-Feb-2016,2016-02-25,0.7175,1.1027,1.3951,1.0
26-Feb-2016,2016-02-26,0.724,1.1006,1.3962,1.0
29-Feb-2016,2016-02-29,0.714,1.0888,1.3854,1.0
1-Mar-2016,2016-03-01,0.7132,1.0872,1.3972,1.0
2-Mar-2016,2016-03-02,0.7231,1.0856,1.4001,1.0
3-Mar-2016,2016-03-03,0.7308,1.0901,1.4055,1.0
4-Mar-2016,2016-03-04,0.7365,1.097,1.4147,1.0
7-Mar-2016,2016-03-07,0.7414,1.0953,1.4154,1.0
8-Mar-2016,2016-03-08,0.7434,1.1028,1.4219,1.0
9-Mar-2016,2016-03-09,0.7428,1.0973,1.4219,1.0
10-Mar-2016,2016-03-10,0.7473,1.0857,1.4207,1.0
11-Mar-2016,2016-03-11,0.7488,1.109,1.43,1.0
14-Mar-2016,2016-03-14,0.7587,1.1119,1.4345,1.0
15-Mar-2016,2016-03-15,0.7489,1.1109,1.416,1.0
16-Mar-2016,2016-03-16,0.7453,1.1064,1.4097,1.0
17-Mar-2016,2016-03-17,0.7591,1.1311,1.4363,1.0
18-Mar-2016,2016-03-18,0.7645,1.1279,1.4468,1.0
21-Mar-2016,2016-03-21,0.7584,1.1271,1.4393,1.0
22-Mar-2016,2016-03-22,0.759,1.1212,1.4293,1.0
23-Mar-2016,2016-03-23,0.7615,1.1171,1.4175,1.0
24-Mar-2016,2016-03-24,0.7492,1.1154,1.4122,1.0
25-Mar-2016,2016-03-25,0.7492,1.1154,1.4122,1.0
28-Mar-2016,2016-03-28,0.7492,1.1154,1.4122,1.0
29-Mar-2016,2016-03-29,0.7553,1.1194,1.4263,1.0
30-Mar-2016,2016-03-30,0.7618,1.1324,1.4407,1.0
31-Mar-2016,2016-03-31,0.7657,1.1385,1.4403,1.0
1-Apr-2016,2016-04-01,0.7651,1.1432,1.4286,1.0
4-Apr-2016,2016-04-04,0.7638,1.138,1.423,1.0
5-Apr-2016,2016-04-05,0.7602,1.1367,1.4205,1.0
6-Apr-2016,2016-04-06,0.7558,1.1336,1.4071,1.0
7-Apr-2016,2016-04-07,0.7621,1.1364,1.4077,1.0
8-Apr-2016,2016-04-08,0.7535,1.1363,1.4069,1.0
11-Apr-2016,2016-04-11,0.7559,1.139,1.4235,1.0
12-Apr-2016,2016-04-12,0.7625,1.1396,1.4317,1.0
13-Apr-2016,2016-04-13,0.7674,1.1298,1.4248,1.0
14-Apr-2016,2016-04-14,0.7656,1.1252,1.4140000000000001,1.0
15-Apr-2016,2016-04-15,0.7711,1.1284,1.4188,1.0
18-Apr-2016,2016-04-18,0.7666,1.1306,1.4194,1.0
19-Apr-2016,2016-04-19,0.7788,1.1343,1.4369999999999998,1.0
20-Apr-2016,2016-04-20,0.7773,1.1379,1.4376,1.0
21-Apr-2016,2016-04-21,0.7812,1.1355,1.4376,1.0
22-Apr-2016,2016-04-22,0.7762,1.1263,1.4377,1.0
25-Apr-2016,2016-04-25,0.7762,1.1264,1.4454,1.0
26-Apr-2016,2016-04-26,0.771,1.1287,1.4565,1.0
27-Apr-2016,2016-04-27,0.7628,1.1303,1.4608,1.0
28-Apr-2016,2016-04-28,0.7615,1.1358,1.4552,1.0
29-Apr-2016,2016-04-29,0.7655,1.1403,1.4614,1.0
2-May-2016,2016-05-02,0.7607,1.1493,1.4614,1.0
3-May-2016,2016-05-03,0.7571,1.1569,1.4672,1.0
4-May-2016,2016-05-04,0.7501,1.1505,1.4480000000000002,1.0
5-May-2016,2016-05-05,0.75,1.1439,1.4461,1.0
6-May-2016,2016-05-06,0.7394,1.1427,1.4505,1.0
9-May-2016,2016-05-09,0.7371,1.1395,1.4444,1.0
10-May-2016,2016-05-10,0.7328,1.1375,1.4423,1.0
11-May-2016,2016-05-11,0.7363,1.1409,1.4424,1.0
12-May-2016,2016-05-12,0.7335,1.1389,1.4444,1.0
13-May-2016,2016-05-13,0.73,1.1348,1.4412,1.0
16-May-2016,2016-05-16,0.7279,1.1324,1.4351,1.0
17-May-2016,2016-05-17,0.7348,1.1318,1.4475,1.0
18-May-2016,2016-05-18,0.7279,1.1279,1.4482,1.0
19-May-2016,2016-05-19,0.7193,1.1197,1.4636,1.0
20-May-2016,2016-05-20,0.7239,1.1219,1.4579,1.0
23-May-2016,2016-05-23,0.7242,1.1215,1.4469,1.0
24-May-2016,2016-05-24,0.7191,1.1168,1.4602,1.0
25-May-2016,2016-05-25,0.7207,1.1146,1.4662,1.0
26-May-2016,2016-05-26,0.7214,1.1168,1.4695,1.0
27-May-2016,2016-05-27,0.7227,1.1168,1.4654,1.0
31-May-2016,2016-05-31,0.7242,1.1154,1.4618,1.0
1-Jun-2016,2016-06-01,0.727,1.1174,1.4446,1.0
2-Jun-2016,2016-06-02,0.7239,1.1188,1.4431,1.0
3-Jun-2016,2016-06-03,0.7246,1.1154,1.4408,1.0
6-Jun-2016,2016-06-06,0.7331,1.1349,1.4392,1.0
7-Jun-2016,2016-06-07,0.7427,1.1348,1.4588,1.0
8-Jun-2016,2016-06-08,0.7454,1.1378,1.4569,1.0
9-Jun-2016,2016-06-09,0.7465,1.1343,1.4466,1.0
10-Jun-2016,2016-06-10,0.7415,1.1304,1.442,1.0
13-Jun-2016,2016-06-13,0.7415,1.1268,1.4158,1.0
14-Jun-2016,2016-06-14,0.7401,1.1225,1.4164,1.0
15-Jun-2016,2016-06-15,0.7374,1.123,1.4195,1.0
16-Jun-2016,2016-06-16,0.7391,1.1174,1.4129,1.0
17-Jun-2016,2016-06-17,0.7389,1.1254,1.4256,1.0
20-Jun-2016,2016-06-20,0.7444,1.1332,1.4623,1.0
21-Jun-2016,2016-06-21,0.7473,1.1314,1.4751,1.0
22-Jun-2016,2016-06-22,0.7461,1.1283,1.4679,1.0
23-Jun-2016,2016-06-23,0.7533,1.1389,1.4892,1.0
24-Jun-2016,2016-06-24,0.7387,1.1066,1.3703,1.0
27-Jun-2016,2016-06-27,0.7409,1.0998,1.321,1.0
28-Jun-2016,2016-06-28,0.7398,1.1073,1.334,1.0
29-Jun-2016,2016-06-29,0.7387,1.109,1.3422,1.0
30-Jun-2016,2016-06-30,0.7426,1.1102,1.3488,1.0
1-Jul-2016,2016-07-01,0.746,1.1135,1.3288,1.0
5-Jul-2016,2016-07-05,0.7517,1.1146,1.3159999999999998,1.0
6-Jul-2016,2016-07-06,0.7436,1.1069,1.2981,1.0
7-Jul-2016,2016-07-07,0.7521,1.1079999999999999,1.3031,1.0
8-Jul-2016,2016-07-08,0.7488,1.107,1.2983,1.0
11-Jul-2016,2016-07-11,0.7559,1.1049,1.2981,1.0
12-Jul-2016,2016-07-12,0.7588,1.1092,1.3161,1.0
13-Jul-2016,2016-07-13,0.7602,1.1072,1.3297,1.0
14-Jul-2016,2016-07-14,0.7611,1.1157,1.3219999999999998,1.0
15-Jul-2016,2016-07-15,0.7626,1.1128,1.3372,1.0
18-Jul-2016,2016-07-18,0.76,1.1053,1.3233,1.0
19-Jul-2016,2016-07-19,0.7529,1.1035,1.3168,1.0
20-Jul-2016,2016-07-20,0.7501,1.1013,1.317,1.0
21-Jul-2016,2016-07-21,0.7487,1.1015,1.3185,1.0
22-Jul-2016,2016-07-22,0.7476,1.1014,1.3107,1.0
25-Jul-2016,2016-07-25,0.7485,1.0982,1.3131,1.0
26-Jul-2016,2016-07-26,0.7523,1.0997,1.3119999999999998,1.0
27-Jul-2016,2016-07-27,0.7482,1.0991,1.3101,1.0
28-Jul-2016,2016-07-28,0.7525,1.109,1.3149,1.0
29-Jul-2016,2016-07-29,0.7522,1.1113,1.3177,1.0
1-Aug-2016,2016-08-01,0.7522,1.1164,1.3181,1.0
2-Aug-2016,2016-08-02,0.7547,1.1193,1.3236,1.0
3-Aug-2016,2016-08-03,0.7589,1.12,1.3346,1.0
4-Aug-2016,2016-08-04,0.7607,1.1136,1.3285,1.0
5-Aug-2016,2016-08-05,0.766,1.1156,1.3159,1.0
8-Aug-2016,2016-08-08,0.761,1.1087,1.3066,1.0
9-Aug-2016,2016-08-09,0.7631,1.1078,1.2984,1.0
10-Aug-2016,2016-08-10,0.7695,1.1184,1.3068,1.0
11-Aug-2016,2016-08-11,0.7701,1.1153,1.298,1.0
12-Aug-2016,2016-08-12,0.7691,1.1158,1.2963,1.0
15-Aug-2016,2016-08-15,0.7657,1.1179999999999999,1.2919,1.0
16-Aug-2016,2016-08-16,0.7698,1.1295,1.298,1.0
17-Aug-2016,2016-08-17,0.7671,1.1276,1.3008,1.0
18-Aug-2016,2016-08-18,0.7711,1.1321,1.3154,1.0
19-Aug-2016,2016-08-19,0.7644,1.1326,1.3119999999999998,1.0
22-Aug-2016,2016-08-22,0.7589,1.1306,1.3086,1.0
23-Aug-2016,2016-08-23,0.7642,1.1339,1.3181,1.0
24-Aug-2016,2016-08-24,0.7603,1.1268,1.3242,1.0
25-Aug-2016,2016-08-25,0.7631,1.129,1.3197,1.0
26-Aug-2016,2016-08-26,0.764,1.129,1.3201,1.0
29-Aug-2016,2016-08-29,0.7551,1.117,1.3085,1.0
30-Aug-2016,2016-08-30,0.7569,1.1168,1.3084,1.0
31-Aug-2016,2016-08-31,0.7514,1.1132,1.3138,1.0
1-Sep-2016,2016-09-01,0.7538,1.1146,1.3246,1.0
2-Sep-2016,2016-09-02,0.7559,1.1193,1.3257,1.0
6-Sep-2016,2016-09-06,0.7629,1.1159,1.3331,1.0
7-Sep-2016,2016-09-07,0.7678,1.1237,1.3381,1.0
8-Sep-2016,2016-09-08,0.7698,1.1296,1.3372,1.0
9-Sep-2016,2016-09-09,0.7652,1.1268,1.3315,1.0
12-Sep-2016,2016-09-12,0.7533,1.1226,1.3265,1.0
13-Sep-2016,2016-09-13,0.7536,1.1247,1.327,1.0
14-Sep-2016,2016-09-14,0.748,1.1218,1.3199,1.0
15-Sep-2016,2016-09-15,0.7469,1.1254,1.3224,1.0
16-Sep-2016,2016-09-16,0.7511,1.1226,1.3171,1.0
19-Sep-2016,2016-09-19,0.7544,1.1165,1.305,1.0
20-Sep-2016,2016-09-20,0.7542,1.1184,1.2969,1.0
21-Sep-2016,2016-09-21,0.7555,1.115,1.2998,1.0
22-Sep-2016,2016-09-22,0.7637,1.1238,1.3053,1.0
23-Sep-2016,2016-09-23,0.7637,1.1214,1.2974,1.0
26-Sep-2016,2016-09-26,0.7624,1.1262,1.2926,1.0
27-Sep-2016,2016-09-27,0.7666,1.122,1.2956,1.0
28-Sep-2016,2016-09-28,0.7682,1.1225,1.3018,1.0
29-Sep-2016,2016-09-29,0.7684,1.1221,1.3015,1.0
30-Sep-2016,2016-09-30,0.763,1.1161,1.2961,1.0
3-Oct-2016,2016-10-03,0.763,1.1236,1.2885,1.0
4-Oct-2016,2016-10-04,0.7672,1.1161,1.2765,1.0
5-Oct-2016,2016-10-05,0.7633,1.1211,1.2725,1.0
6-Oct-2016,2016-10-06,0.7596,1.1185,1.2706,1.0
7-Oct-2016,2016-10-07,0.7573,1.114,1.2378,1.0
11-Oct-2016,2016-10-11,0.7552,1.1079,1.2257,1.0
12-Oct-2016,2016-10-12,0.7577,1.102,1.2255,1.0
13-Oct-2016,2016-10-13,0.7537,1.1038,1.2205,1.0
14-Oct-2016,2016-10-14,0.7582,1.1002,1.2235,1.0
17-Oct-2016,2016-10-17,0.7599,1.0994,1.2162,1.0
18-Oct-2016,2016-10-18,0.7671,1.0993,1.2281,1.0
19-Oct-2016,2016-10-19,0.7666,1.0979,1.2302,1.0
20-Oct-2016,2016-10-20,0.767,1.0979999999999999,1.226,1.0
21-Oct-2016,2016-10-21,0.763,1.0886,1.2209,1.0
24-Oct-2016,2016-10-24,0.7615,1.0891,1.224,1.0
25-Oct-2016,2016-10-25,0.7629,1.0872,1.2233,1.0
26-Oct-2016,2016-10-26,0.7683,1.0925,1.2214,1.0
27-Oct-2016,2016-10-27,0.7631,1.0927,1.226,1.0
28-Oct-2016,2016-10-28,0.7597,1.0922,1.2135,1.0
31-Oct-2016,2016-10-31,0.7613,1.0946,1.2171,1.0
1-Nov-2016,2016-11-01,0.7653,1.1025,1.2234,1.0
2-Nov-2016,2016-11-02,0.7624,1.1095,1.23105,1.0
3-Nov-2016,2016-11-03,0.7668,1.1064,1.24615,1.0
4-Nov-2016,2016-11-04,0.768,1.1093,1.24985,1.0
7-Nov-2016,2016-11-07,0.7674,1.1062,1.2417,1.0
8-Nov-2016,2016-11-08,0.77,1.1038,1.2406,1.0
9-Nov-2016,2016-11-09,0.7596,1.1022,1.24405,1.0
10-Nov-2016,2016-11-10,0.7661,1.0895,1.2409999999999999,1.0
11-Nov-2016,2016-11-11,0.7618,1.0904,1.26205,1.0
14-Nov-2016,2016-11-14,0.7546,1.0777,1.253,1.0
15-Nov-2016,2016-11-15,0.7558,1.0765,1.2426,1.0
16-Nov-2016,2016-11-16,0.7552,1.0702,1.2427,1.0
17-Nov-2016,2016-11-17,0.7478,1.0717,1.24905,1.0
18-Nov-2016,2016-11-18,0.7394,1.0629,1.24165,1.0
21-Nov-2016,2016-11-21,0.7324,1.0631,1.23835,1.0
22-Nov-2016,2016-11-22,0.7398,1.0617,1.24515,1.0
23-Nov-2016,2016-11-23,0.7427,1.0602,1.2397,1.0
28-Nov-2016,2016-11-28,0.7477,1.0588,1.2403,1.0
29-Nov-2016,2016-11-29,0.7477,1.0576,1.2475,1.0
30-Nov-2016,2016-11-30,0.7474,1.0635,1.2452,1.0
1-Dec-2016,2016-12-01,0.7408,1.0627,1.2621,1.0
2-Dec-2016,2016-12-02,0.7411,1.0642,1.262,1.0
5-Dec-2016,2016-12-05,0.7453,1.0702,1.2732,1.0
6-Dec-2016,2016-12-06,0.7459,1.0734,1.2754,1.0
7-Dec-2016,2016-12-07,0.743,1.073,1.25935,1.0
8-Dec-2016,2016-12-08,0.7497,1.0762,1.26795,1.0
9-Dec-2016,2016-12-09,0.7459,1.0559,1.25995,1.0
12-Dec-2016,2016-12-12,0.7453,1.0596,1.2634,1.0
13-Dec-2016,2016-12-13,0.7493,1.061,1.27065,1.0
14-Dec-2016,2016-12-14,0.7492,1.0644,1.26495,1.0
15-Dec-2016,2016-12-15,0.7421,1.0419,1.2483,1.0
16-Dec-2016,2016-12-16,0.7362,1.0439,1.24295,1.0
19-Dec-2016,2016-12-19,0.7293,1.0422,1.2416,1.0
20-Dec-2016,2016-12-20,0.7254,1.0364,1.23445,1.0
21-Dec-2016,2016-12-21,0.726,1.0421,1.2367,1.0
22-Dec-2016,2016-12-22,0.7235,1.0444,1.2337,1.0
23-Dec-2016,2016-12-23,0.7205,1.0446,1.2255,1.0
27-Dec-2016,2016-12-27,0.7205,1.0445,1.2255,1.0
28-Dec-2016,2016-12-28,0.7202,1.0401,1.2232,1.0
29-Dec-2016,2016-12-29,0.7205,1.0453,1.2255,1.0
30-Dec-2016,2016-12-30,0.7236,1.0541,1.2302,1.0
3-Jan-2017,2017-01-03,0.7234,1.0385,1.22895,1.0
4-Jan-2017,2017-01-04,0.724,1.0437,1.22835,1.0
5-Jan-2017,2017-01-05,0.7302,1.0501,1.23055,1.0
6-Jan-2017,2017-01-06,0.7318,1.0589,1.2367,1.0
9-Jan-2017,2017-01-09,0.731,1.0516,1.2166,1.0
10-Jan-2017,2017-01-10,0.7374,1.0567,1.2143,1.0
11-Jan-2017,2017-01-11,0.7381,1.0503,1.21255,1.0
12-Jan-2017,2017-01-12,0.7462,1.0679,1.2285,1.0
13-Jan-2017,2017-01-13,0.7485,1.0661,1.2181,1.0
17-Jan-2017,2017-01-17,0.75,1.0684,1.2222,1.0
18-Jan-2017,2017-01-18,0.7552,1.0664,1.2284,1.0
19-Jan-2017,2017-01-19,0.7522,1.0668,1.2327,1.0
23-Jan-2017,2017-01-23,0.7562,1.0715,1.24335,1.0
24-Jan-2017,2017-01-24,0.7576,1.0748,1.2455,1.0
25-Jan-2017,2017-01-25,0.7543,1.0743,1.2579,1.0
26-Jan-2017,2017-01-26,0.7543,1.07,1.2592,1.0
27-Jan-2017,2017-01-27,0.7528,1.0681,1.25335,1.0
30-Jan-2017,2017-01-30,0.7552,1.063,1.2519,1.0
31-Jan-2017,2017-01-31,0.7567,1.0755,1.24615,1.0
1-Feb-2017,2017-02-01,0.7566,1.079,1.2649,1.0
2-Feb-2017,2017-02-02,0.7638,1.0808,1.2668,1.0
3-Feb-2017,2017-02-03,0.7653,1.0741,1.2486,1.0
6-Feb-2017,2017-02-06,0.7665,1.0712,1.24765,1.0
7-Feb-2017,2017-02-07,0.7671,1.0675,1.2378,1.0
8-Feb-2017,2017-02-08,0.7632,1.0665,1.249,1.0
9-Feb-2017,2017-02-09,0.7625,1.0692,1.2556,1.0
10-Feb-2017,2017-02-10,0.7645,1.0629,1.2451,1.0
13-Feb-2017,2017-02-13,0.7665,1.0629,1.2528,1.0
14-Feb-2017,2017-02-14,0.7678,1.0623,1.24635,1.0
15-Feb-2017,2017-02-15,0.7671,1.0555,1.2425,1.0
16-Feb-2017,2017-02-16,0.7713,1.0652,1.2494,1.0
17-Feb-2017,2017-02-17,0.7709,1.065,1.2416,1.0
21-Feb-2017,2017-02-21,0.7668,1.0537,1.24205,1.0
22-Feb-2017,2017-02-22,0.7691,1.0513,1.2434,1.0
23-Feb-2017,2017-02-23,0.7687,1.0573,1.2477,1.0
24-Feb-2017,2017-02-24,0.7717,1.0609,1.25515,1.0
27-Feb-2017,2017-02-27,0.7695,1.0587,1.2416,1.0
28-Feb-2017,2017-02-28,0.7688,1.0597,1.244,1.0
1-Mar-2017,2017-03-01,0.7656,1.0533,1.2315,1.0
2-Mar-2017,2017-03-02,0.7655,1.0514,1.2281,1.0
3-Mar-2017,2017-03-03,0.7562,1.0565,1.2225,1.0
6-Mar-2017,2017-03-06,0.7573,1.0592,1.2259,1.0
7-Mar-2017,2017-03-07,0.762,1.0576,1.21875,1.0
8-Mar-2017,2017-03-08,0.759,1.0556,1.2149,1.0
9-Mar-2017,2017-03-09,0.7514,1.0551,1.2152,1.0
10-Mar-2017,2017-03-10,0.7522,1.0606,1.2143,1.0
13-Mar-2017,2017-03-13,0.7522,1.0663,1.2225,1.0
14-Mar-2017,2017-03-14,0.7522,1.0631,1.2128,1.0
15-Mar-2017,2017-03-15,0.7574,1.0622,1.21915,1.0
16-Mar-2017,2017-03-16,0.7678,1.0726,1.2295,1.0
17-Mar-2017,2017-03-17,0.7689,1.0737,1.23595,1.0
20-Mar-2017,2017-03-20,0.7724,1.0752,1.2384,1.0
21-Mar-2017,2017-03-21,0.7708,1.0802,1.2462,1.0
22-Mar-2017,2017-03-22,0.7668,1.0807,1.2449,1.0
23-Mar-2017,2017-03-23,0.7662,1.0786,1.25,1.0
24-Mar-2017,2017-03-24,0.7618,1.0805,1.2497,1.0
27-Mar-2017,2017-03-27,0.7633,1.0889,1.25875,1.0
28-Mar-2017,2017-03-28,0.7615,1.0859,1.25555,1.0
29-Mar-2017,2017-03-29,0.7644,1.0748,1.24315,1.0
30-Mar-2017,2017-03-30,0.7663,1.0737,1.24545,1.0
31-Mar-2017,2017-03-31,0.7644,1.0691,1.24525,1.0
3-Apr-2017,2017-04-03,0.7602,1.0661,1.2502,1.0
4-Apr-2017,2017-04-04,0.7576,1.0651,1.2448,1.0
5-Apr-2017,2017-04-05,0.758,1.0678,1.24785,1.0
6-Apr-2017,2017-04-06,0.7542,1.0666,1.2456,1.0
7-Apr-2017,2017-04-07,0.7523,1.063,1.24235,1.0
10-Apr-2017,2017-04-10,0.749,1.0578,1.2406,1.0
11-Apr-2017,2017-04-11,0.7502,1.0616,1.2426,1.0
12-Apr-2017,2017-04-12,0.7499,1.0605,1.2497,1.0
13-Apr-2017,2017-04-13,0.7589,1.063,1.2541,1.0
14-Apr-2017,2017-04-14,0.7589,1.063,1.2541,1.0
17-Apr-2017,2017-04-17,0.7589,1.063,1.2541,1.0
18-Apr-2017,2017-04-18,0.756,1.0682,1.266,1.0
19-Apr-2017,2017-04-19,0.7521,1.0725,1.28395,1.0
20-Apr-2017,2017-04-20,0.7507,1.0745,1.28015,1.0
21-Apr-2017,2017-04-21,0.7535,1.0698,1.2793,1.0
24-Apr-2017,2017-04-24,0.7559,1.0848,1.28185,1.0
25-Apr-2017,2017-04-25,0.7559,1.0891,1.2819,1.0
26-Apr-2017,2017-04-26,0.7516,1.0893,1.28225,1.0
27-Apr-2017,2017-04-27,0.7485,1.0881,1.29,1.0
28-Apr-2017,2017-04-28,0.7475,1.093,1.29415,1.0
1-May-2017,2017-05-01,0.7486,1.093,1.29415,1.0
2-May-2017,2017-05-02,0.7539,1.0915,1.2924,1.0
3-May-2017,2017-05-03,0.75,1.0919,1.2926,1.0
4-May-2017,2017-05-04,0.7408,1.0927,1.2886,1.0
5-May-2017,2017-05-05,0.7376,1.0961,1.2935,1.0
8-May-2017,2017-05-08,0.7415,1.0938,1.296,1.0
9-May-2017,2017-05-09,0.7352,1.0888,1.29255,1.0
10-May-2017,2017-05-10,0.7366,1.0882,1.2947,1.0
11-May-2017,2017-05-11,0.7352,1.0859999999999999,1.28945,1.0
12-May-2017,2017-05-12,0.7385,1.0876,1.2855,1.0
15-May-2017,2017-05-15,0.7399,1.0972,1.2928,1.0
16-May-2017,2017-05-16,0.7423,1.1059,1.2892,1.0
17-May-2017,2017-05-17,0.743,1.1117,1.2972,1.0
18-May-2017,2017-05-18,0.7457,1.1129,1.30345,1.0
19-May-2017,2017-05-19,0.7426,1.1179,1.3005,1.0
22-May-2017,2017-05-22,0.7444,1.1243,1.2998,1.0
23-May-2017,2017-05-23,0.7497,1.1215,1.2967,1.0
24-May-2017,2017-05-24,0.745,1.1193,1.2962,1.0
25-May-2017,2017-05-25,0.751,1.1214,1.296,1.0
26-May-2017,2017-05-26,0.7435,1.1196,1.2854,1.0
30-May-2017,2017-05-30,0.7438,1.1173,1.28655,1.0
31-May-2017,2017-05-31,0.745,1.1221,1.28385,1.0
1-Jun-2017,2017-06-01,0.7403,1.1219,1.28535,1.0
2-Jun-2017,2017-06-02,0.739,1.1217,1.28535,1.0
5-Jun-2017,2017-06-05,0.7464,1.1249,1.29065,1.0
6-Jun-2017,2017-06-06,0.7493,1.1258,1.29065,1.0
7-Jun-2017,2017-06-07,0.754,1.1217,1.29,1.0
8-Jun-2017,2017-06-08,0.755,1.1229,1.29425,1.0
9-Jun-2017,2017-06-09,0.7535,1.1176,1.27535,1.0
12-Jun-2017,2017-06-12,0.7535,1.1221,1.26905,1.0
13-Jun-2017,2017-06-13,0.7556,1.1217,1.27315,1.0
14-Jun-2017,2017-06-14,0.7551,1.1203,1.27275,1.0
15-Jun-2017,2017-06-15,0.7616,1.1166,1.2777,1.0
16-Jun-2017,2017-06-16,0.7593,1.1167,1.2777,1.0
19-Jun-2017,2017-06-19,0.7614,1.1199,1.2802,1.0
20-Jun-2017,2017-06-20,0.7612,1.1156,1.2670000000000001,1.0
21-Jun-2017,2017-06-21,0.7563,1.1147,1.26815,1.0
22-Jun-2017,2017-06-22,0.7558,1.1169,1.26705,1.0
23-Jun-2017,2017-06-23,0.7557,1.1173,1.2738,1.0
26-Jun-2017,2017-06-26,0.7578,1.1187,1.274,1.0
27-Jun-2017,2017-06-27,0.7599,1.1278,1.275,1.0
28-Jun-2017,2017-06-28,0.7611,1.1375,1.28255,1.0
29-Jun-2017,2017-06-29,0.7662,1.1413,1.2966,1.0
30-Jun-2017,2017-06-30,0.7692,1.1412,1.29785,1.0
3-Jul-2017,2017-07-03,0.7692,1.1369,1.2955,1.0
5-Jul-2017,2017-07-05,0.7619,1.1329,1.29085,1.0
6-Jul-2017,2017-07-06,0.7597,1.1385,1.2957,1.0
7-Jul-2017,2017-07-07,0.7585,1.1412,1.2893,1.0
10-Jul-2017,2017-07-10,0.7608,1.1387,1.2876,1.0
11-Jul-2017,2017-07-11,0.7612,1.1405,1.2905,1.0
12-Jul-2017,2017-07-12,0.7653,1.1449,1.2859,1.0
13-Jul-2017,2017-07-13,0.7705,1.1417,1.29235,1.0
14-Jul-2017,2017-07-14,0.7744,1.1415,1.29695,1.0
17-Jul-2017,2017-07-17,0.7812,1.1462,1.3066,1.0
18-Jul-2017,2017-07-18,0.7904,1.1555,1.30245,1.0
19-Jul-2017,2017-07-19,0.7935,1.1533,1.3051,1.0
20-Jul-2017,2017-07-20,0.7924,1.1485,1.29405,1.0
21-Jul-2017,2017-07-21,0.7911,1.1642,1.3004,1.0
24-Jul-2017,2017-07-24,0.7929,1.1648,1.3033,1.0
25-Jul-2017,2017-07-25,0.794,1.1694,1.3032,1.0
26-Jul-2017,2017-07-26,0.789,1.1644,1.3054,1.0
27-Jul-2017,2017-07-27,0.8046,1.1694,1.31475,1.0
28-Jul-2017,2017-07-28,0.797,1.1729,1.3086,1.0
31-Jul-2017,2017-07-31,0.7987,1.1727,1.3124,1.0
1-Aug-2017,2017-08-01,0.8011,1.1812,1.32125,1.0
2-Aug-2017,2017-08-02,0.7962,1.1829,1.3230000000000002,1.0
3-Aug-2017,2017-08-03,0.7923,1.186,1.31875,1.0
4-Aug-2017,2017-08-04,0.7977,1.1868,1.3141,1.0
7-Aug-2017,2017-08-07,0.7977,1.1797,1.30535,1.0
8-Aug-2017,2017-08-08,0.7923,1.1814,1.3033,1.0
9-Aug-2017,2017-08-09,0.7884,1.1731,1.30025,1.0
10-Aug-2017,2017-08-10,0.7873,1.1732,1.30015,1.0
11-Aug-2017,2017-08-11,0.7859,1.1765,1.2965,1.0
14-Aug-2017,2017-08-14,0.7892,1.1797,1.29685,1.0
15-Aug-2017,2017-08-15,0.7852,1.1744,1.2876,1.0
16-Aug-2017,2017-08-16,0.7842,1.171,1.2871,1.0
17-Aug-2017,2017-08-17,0.7938,1.1697,1.2864,1.0
18-Aug-2017,2017-08-18,0.7896,1.1740000000000002,1.28915,1.0
21-Aug-2017,2017-08-21,0.7921,1.1761,1.28955,1.0
22-Aug-2017,2017-08-22,0.794,1.1771,1.2821,1.0
23-Aug-2017,2017-08-23,0.7894,1.1799,1.2808,1.0
24-Aug-2017,2017-08-24,0.7896,1.1806,1.28215,1.0
25-Aug-2017,2017-08-25,0.7905,1.1808,1.28365,1.0
28-Aug-2017,2017-08-28,0.7943,1.1925,1.29,1.0
29-Aug-2017,2017-08-29,0.7926,1.2048,1.2949,1.0
30-Aug-2017,2017-08-30,0.7981,1.1916,1.2925,1.0
31-Aug-2017,2017-08-31,0.7898,1.1825,1.2876,1.0
1-Sep-2017,2017-09-01,0.7934,1.192,1.2933,1.0
5-Sep-2017,2017-09-05,0.7961,1.189,1.296,1.0
6-Sep-2017,2017-09-06,0.7993,1.1931,1.3047,1.0
7-Sep-2017,2017-09-07,0.7991,1.1971,1.3090000000000002,1.0
8-Sep-2017,2017-09-08,0.8121,1.206,1.31945,1.0
11-Sep-2017,2017-09-11,0.8055,1.1997,1.3215,1.0
12-Sep-2017,2017-09-12,0.8023,1.1933,1.3277,1.0
13-Sep-2017,2017-09-13,0.8027,1.1979,1.32645,1.0
14-Sep-2017,2017-09-14,0.8,1.1885,1.3243,1.0
15-Sep-2017,2017-09-15,0.8001,1.1963,1.35825,1.0
18-Sep-2017,2017-09-18,0.8028,1.1948,1.35435,1.0
19-Sep-2017,2017-09-19,0.7976,1.1972,1.34995,1.0
20-Sep-2017,2017-09-20,0.8029,1.2007,1.3533,1.0
21-Sep-2017,2017-09-21,0.7964,1.1905,1.348,1.0
22-Sep-2017,2017-09-22,0.7933,1.1961,1.3557,1.0
25-Sep-2017,2017-09-25,0.7966,1.1867,1.3479,1.0
26-Sep-2017,2017-09-26,0.7938,1.1787,1.3432,1.0
27-Sep-2017,2017-09-27,0.7858,1.1741,1.3426,1.0
28-Sep-2017,2017-09-28,0.7813,1.1778,1.3419999999999999,1.0
29-Sep-2017,2017-09-29,0.7839,1.1806,1.3384,1.0
2-Oct-2017,2017-10-02,0.7839,1.1744,1.33105,1.0
3-Oct-2017,2017-10-03,0.7801,1.1753,1.3259,1.0
4-Oct-2017,2017-10-04,0.7859,1.1787,1.3282,1.0
5-Oct-2017,2017-10-05,0.7832,1.1742,1.3182,1.0
6-Oct-2017,2017-10-06,0.7755,1.1707,1.3064,1.0
10-Oct-2017,2017-10-10,0.7785,1.1797,1.3189,1.0
11-Oct-2017,2017-10-11,0.7782,1.183,1.3195,1.0
12-Oct-2017,2017-10-12,0.7817,1.1856,1.3167,1.0
13-Oct-2017,2017-10-13,0.7832,1.181,1.329,1.0
16-Oct-2017,2017-10-16,0.7872,1.1803,1.33015,1.0
17-Oct-2017,2017-10-17,0.7846,1.1759,1.3204,1.0
18-Oct-2017,2017-10-18,0.7848,1.1749,1.31795,1.0
19-Oct-2017,2017-10-19,0.7852,1.1834,1.3167,1.0
20-Oct-2017,2017-10-20,0.7845,1.1818,1.3178,1.0
23-Oct-2017,2017-10-23,0.7826,1.1740000000000002,1.3173,1.0
24-Oct-2017,2017-10-24,0.7819,1.1761,1.3179,1.0
25-Oct-2017,2017-10-25,0.772,1.1785,1.3244,1.0
26-Oct-2017,2017-10-26,0.7706,1.1753,1.3219,1.0
27-Oct-2017,2017-10-27,0.7642,1.1605,1.31025,1.0
30-Oct-2017,2017-10-30,0.7677,1.1612,1.319,1.0
31-Oct-2017,2017-10-31,0.7673,1.1638,1.3219,1.0
1-Nov-2017,2017-11-01,0.7659,1.1612,1.3297,1.0
2-Nov-2017,2017-11-02,0.7715,1.1645,1.3137,1.0
3-Nov-2017,2017-11-03,0.769,1.1657,1.30915,1.0
6-Nov-2017,2017-11-06,0.7655,1.159,1.3112,1.0
7-Nov-2017,2017-11-07,0.768,1.1562,1.31335,1.0
8-Nov-2017,2017-11-08,0.7653,1.159,1.3118,1.0
9-Nov-2017,2017-11-09,0.7683,1.163,1.3121,1.0
10-Nov-2017,2017-11-10,0.7682,1.1654,1.3159999999999998,1.0
13-Nov-2017,2017-11-13,0.7658,1.1656,1.3092,1.0
14-Nov-2017,2017-11-14,0.7632,1.1745,1.3111,1.0
15-Nov-2017,2017-11-15,0.7583,1.1840000000000002,1.3169,1.0
16-Nov-2017,2017-11-16,0.7594,1.1771,1.319,1.0
17-Nov-2017,2017-11-17,0.7574,1.1795,1.3198,1.0
20-Nov-2017,2017-11-20,0.7556,1.1781,1.3245,1.0
21-Nov-2017,2017-11-21,0.7537,1.1718,1.32315,1.0
22-Nov-2017,2017-11-22,0.7568,1.1749,1.32495,1.0
27-Nov-2017,2017-11-27,0.7603,1.1952,1.33495,1.0
28-Nov-2017,2017-11-28,0.7611,1.1888,1.3297,1.0
29-Nov-2017,2017-11-29,0.7586,1.1827,1.34035,1.0
30-Nov-2017,2017-11-30,0.7585,1.1849,1.34445,1.0
1-Dec-2017,2017-12-01,0.7564,1.1885,1.35025,1.0
4-Dec-2017,2017-12-04,0.7598,1.1865,1.3505,1.0
5-Dec-2017,2017-12-05,0.7651,1.1847,1.3412,1.0
6-Dec-2017,2017-12-06,0.7578,1.1817,1.33625,1.0
7-Dec-2017,2017-12-07,0.7545,1.1786,1.3331,1.0
8-Dec-2017,2017-12-08,0.7512,1.1742,1.3455,1.0
11-Dec-2017,2017-12-11,0.7525,1.1796,1.3374,1.0
12-Dec-2017,2017-12-12,0.7533,1.1766,1.3349,1.0
13-Dec-2017,2017-12-13,0.757,1.1736,1.3353,1.0
14-Dec-2017,2017-12-14,0.7666,1.1845,1.34345,1.0
15-Dec-2017,2017-12-15,0.7675,1.1806,1.3395,1.0
18-Dec-2017,2017-12-18,0.7658,1.1795,1.33665,1.0
19-Dec-2017,2017-12-19,0.7669,1.1823,1.3374,1.0
20-Dec-2017,2017-12-20,0.7658,1.1845,1.3393,1.0
21-Dec-2017,2017-12-21,0.7666,1.1859,1.33665,1.0
22-Dec-2017,2017-12-22,0.7714,1.1853,1.33855,1.0
26-Dec-2017,2017-12-26,0.7714,1.1853,1.3368,1.0
27-Dec-2017,2017-12-27,0.7745,1.1895,1.3414,1.0
28-Dec-2017,2017-12-28,0.7791,1.1934,1.3434,1.0
29-Dec-2017,2017-12-29,0.78,1.1993,1.35115,1.0
2-Jan-2018,2018-01-02,0.7837,1.2065,1.3551,1.0
3-Jan-2018,2018-01-03,0.7816,1.2023,1.35615,1.0
4-Jan-2018,2018-01-04,0.7835,1.2065,1.35545,1.0
5-Jan-2018,2018-01-05,0.7857,1.2045,1.35475,1.0
8-Jan-2018,2018-01-08,0.7842,1.1973,1.3541,1.0
9-Jan-2018,2018-01-09,0.7854,1.1932,1.354,1.0
10-Jan-2018,2018-01-10,0.7828,1.1992,1.35535,1.0
11-Jan-2018,2018-01-11,0.7873,1.2017,1.3462,1.0
12-Jan-2018,2018-01-12,0.7885,1.2137,1.3639,1.0
16-Jan-2018,2018-01-16,0.7968,1.2229999999999999,1.3747,1.0
17-Jan-2018,2018-01-17,0.7955,1.2203,1.3788,1.0
18-Jan-2018,2018-01-18,0.7964,1.2235,1.3886,1.0
19-Jan-2018,2018-01-19,0.8019,1.2255,1.38855,1.0
22-Jan-2018,2018-01-22,0.799,1.2239,1.39005,1.0
23-Jan-2018,2018-01-23,0.7989,1.2249,1.39345,1.0
24-Jan-2018,2018-01-24,0.8016,1.2352,1.4136,1.0
25-Jan-2018,2018-01-25,0.8094,1.2407,1.4258,1.0
26-Jan-2018,2018-01-26,0.8094,1.2436,1.4247,1.0
29-Jan-2018,2018-01-29,0.8096,1.2379,1.4063,1.0
30-Jan-2018,2018-01-30,0.807,1.2421,1.4124,1.0
31-Jan-2018,2018-01-31,0.8073,1.2457,1.4161,1.0
1-Feb-2018,2018-02-01,0.8044,1.2459,1.4219,1.0
2-Feb-2018,2018-02-02,0.7997,1.2492,1.4223,1.0
5-Feb-2018,2018-02-05,0.7929,1.244,1.4048,1.0
6-Feb-2018,2018-02-06,0.7844,1.2329,1.39315,1.0
7-Feb-2018,2018-02-07,0.7883,1.2338,1.38885,1.0
8-Feb-2018,2018-02-08,0.7812,1.2252,1.39705,1.0
9-Feb-2018,2018-02-09,0.7779,1.2273,1.38265,1.0
12-Feb-2018,2018-02-12,0.7834,1.2263,1.38515,1.0
13-Feb-2018,2018-02-13,0.787,1.2333,1.3902,1.0
14-Feb-2018,2018-02-14,0.7877,1.2348,1.3851,1.0
15-Feb-2018,2018-02-15,0.7933,1.2493,1.40465,1.0
16-Feb-2018,2018-02-16,0.7965,1.2464,1.4063,1.0
20-Feb-2018,2018-02-20,0.7926,1.234,1.39865,1.0
21-Feb-2018,2018-02-21,0.7852,1.2312,1.3923,1.0
22-Feb-2018,2018-02-22,0.7806,1.2276,1.38795,1.0
23-Feb-2018,2018-02-23,0.7821,1.2299,1.39785,1.0
26-Feb-2018,2018-02-26,0.7863,1.232,1.4047,1.0
27-Feb-2018,2018-02-27,0.7847,1.2301,1.3947,1.0
28-Feb-2018,2018-02-28,0.7792,1.2214,1.3842,1.0
1-Mar-2018,2018-03-01,0.7731,1.2171,1.3745,1.0
2-Mar-2018,2018-03-02,0.7756,1.2312,1.37905,1.0
5-Mar-2018,2018-03-05,0.7752,1.2307,1.3813,1.0
6-Mar-2018,2018-03-06,0.7773,1.2411,1.38985,1.0
7-Mar-2018,2018-03-07,0.7804,1.2417,1.38555,1.0
8-Mar-2018,2018-03-08,0.783,1.2421,1.3861,1.0
9-Mar-2018,2018-03-09,0.7792,1.2291,1.38255,1.0
12-Mar-2018,2018-03-12,0.7869,1.2302,1.3854,1.0
13-Mar-2018,2018-03-13,0.787,1.2378,1.3894,1.0
14-Mar-2018,2018-03-14,0.7871,1.2369,1.3976,1.0
15-Mar-2018,2018-03-15,0.7876,1.2341,1.3929,1.0
16-Mar-2018,2018-03-16,0.779,1.2301,1.39675,1.0
19-Mar-2018,2018-03-19,0.7691,1.2309,1.4046,1.0
20-Mar-2018,2018-03-20,0.7703,1.2276,1.4008,1.0
21-Mar-2018,2018-03-21,0.7703,1.2286,1.40495,1.0
22-Mar-2018,2018-03-22,0.7744,1.2316,1.4192,1.0
23-Mar-2018,2018-03-23,0.7711,1.2346,1.412,1.0
26-Mar-2018,2018-03-26,0.7723,1.2411,1.42265,1.0
27-Mar-2018,2018-03-27,0.7738,1.2376,1.4111,1.0
28-Mar-2018,2018-03-28,0.7694,1.2398,1.4143,1.0
29-Mar-2018,2018-03-29,0.7665,1.2321,1.40615,1.0
30-Mar-2018,2018-03-30,0.7665,1.2321,1.40615,1.0
2-Apr-2018,2018-04-02,0.7665,1.2321,1.406,1.0
3-Apr-2018,2018-04-03,0.7685,1.2308,1.40265,1.0
4-Apr-2018,2018-04-04,0.77,1.2276,1.40385,1.0
5-Apr-2018,2018-04-05,0.769,1.226,1.40635,1.0
6-Apr-2018,2018-04-06,0.7677,1.2234,1.4015,1.0
9-Apr-2018,2018-04-09,0.7691,1.2304,1.41035,1.0
10-Apr-2018,2018-04-10,0.7733,1.2361,1.4159,1.0
11-Apr-2018,2018-04-11,0.7749,1.2384,1.4193,1.0
12-Apr-2018,2018-04-12,0.7751,1.2323,1.41865,1.0
13-Apr-2018,2018-04-13,0.778,1.2317,1.4279,1.0
16-Apr-2018,2018-04-16,0.7769,1.237,1.42995,1.0
17-Apr-2018,2018-04-17,0.7771,1.2357,1.4334,1.0
18-Apr-2018,2018-04-18,0.7771,1.2388,1.42075,1.0
19-Apr-2018,2018-04-19,0.7804,1.2382,1.4218,1.0
20-Apr-2018,2018-04-20,0.7714,1.2309,1.4074,1.0
23-Apr-2018,2018-04-23,0.7673,1.2238,1.3953,1.0
24-Apr-2018,2018-04-24,0.7608,1.2213,1.3941,1.0
25-Apr-2018,2018-04-25,0.7608,1.2185,1.39525,1.0
26-Apr-2018,2018-04-26,0.7574,1.2168,1.39655,1.0
27-Apr-2018,2018-04-27,0.7545,1.207,1.37685,1.0
30-Apr-2018,2018-04-30,0.757,1.2079,1.3725,1.0
1-May-2018,2018-05-01,0.754,1.2079,1.36945,1.0
2-May-2018,2018-05-02,0.7503,1.2007,1.36535,1.0
3-May-2018,2018-05-03,0.7524,1.1992,1.3585,1.0
4-May-2018,2018-05-04,0.7538,1.1969,1.35685,1.0
7-May-2018,2018-05-07,0.752,1.1902,1.35315,1.0
8-May-2018,2018-05-08,0.7514,1.187,1.35145,1.0
9-May-2018,2018-05-09,0.7435,1.1879,1.35645,1.0
10-May-2018,2018-05-10,0.7458,1.1878,1.3566,1.0
11-May-2018,2018-05-11,0.7534,1.1934,1.3575,1.0
14-May-2018,2018-05-14,0.7549,1.1988,1.3592,1.0
15-May-2018,2018-05-15,0.7508,1.1883,1.3539,1.0
16-May-2018,2018-05-16,0.7484,1.1784,1.3473,1.0
17-May-2018,2018-05-17,0.754,1.1805,1.3493,1.0
18-May-2018,2018-05-18,0.7519,1.1781,1.3482,1.0
21-May-2018,2018-05-21,0.7519,1.1759,1.3401,1.0
22-May-2018,2018-05-22,0.7588,1.1794,1.3457,1.0
23-May-2018,2018-05-23,0.7541,1.1708,1.3351,1.0
24-May-2018,2018-05-24,0.7562,1.1728,1.3404,1.0
25-May-2018,2018-05-25,0.7565,1.1675,1.3341,1.0
29-May-2018,2018-05-29,0.7535,1.1558,1.3249,1.0
30-May-2018,2018-05-30,0.7501,1.1632,1.3276,1.0
31-May-2018,2018-05-31,0.7564,1.1699,1.3326,1.0
1-Jun-2018,2018-06-01,0.7541,1.1669,1.3324,1.0
4-Jun-2018,2018-06-04,0.7615,1.1737,1.3386,1.0
5-Jun-2018,2018-06-05,0.7633,1.1675,1.3359999999999999,1.0
6-Jun-2018,2018-06-06,0.7664,1.1765,1.34175,1.0
7-Jun-2018,2018-06-07,0.7659,1.1836,1.34535,1.0
8-Jun-2018,2018-06-08,0.7609,1.1754,1.3389,1.0
11-Jun-2018,2018-06-11,0.7609,1.179,1.33525,1.0
12-Jun-2018,2018-06-12,0.7615,1.1788,1.3391,1.0
13-Jun-2018,2018-06-13,0.7574,1.1764,1.3329,1.0
14-Jun-2018,2018-06-14,0.7555,1.173,1.3432,1.0
15-Jun-2018,2018-06-15,0.7465,1.1596,1.3291,1.0
18-Jun-2018,2018-06-18,0.745,1.1613,1.3252,1.0
19-Jun-2018,2018-06-19,0.738,1.1534,1.3171,1.0
20-Jun-2018,2018-06-20,0.7402,1.1578,1.3158,1.0
21-Jun-2018,2018-06-21,0.736,1.1538,1.3182,1.0
22-Jun-2018,2018-06-22,0.7398,1.1648,1.32965,1.0
25-Jun-2018,2018-06-25,0.7419,1.17,1.3255,1.0
26-Jun-2018,2018-06-26,0.7416,1.1672,1.3241,1.0
27-Jun-2018,2018-06-27,0.738,1.1616,1.3208,1.0
28-Jun-2018,2018-06-28,0.7353,1.1583,1.3098,1.0
29-Jun-2018,2018-06-29,0.7391,1.1658,1.31395,1.0
2-Jul-2018,2018-07-02,0.7382,1.1639,1.3164,1.0
3-Jul-2018,2018-07-03,0.736,1.1665,1.3187,1.0
5-Jul-2018,2018-07-05,0.7378,1.1709,1.32445,1.0
6-Jul-2018,2018-07-06,0.7408,1.1724,1.32355,1.0
9-Jul-2018,2018-07-09,0.7467,1.1789,1.3333,1.0
10-Jul-2018,2018-07-10,0.7457,1.1713,1.32325,1.0
11-Jul-2018,2018-07-11,0.7408,1.1735,1.3245,1.0
12-Jul-2018,2018-07-12,0.7384,1.1658,1.3198,1.0
13-Jul-2018,2018-07-13,0.7416,1.1643,1.31275,1.0
16-Jul-2018,2018-07-16,0.7436,1.172,1.3278,1.0
17-Jul-2018,2018-07-17,0.7427,1.1707,1.324,1.0
18-Jul-2018,2018-07-18,0.7361,1.1611,1.30305,1.0
19-Jul-2018,2018-07-19,0.7411,1.1588,1.2986,1.0
20-Jul-2018,2018-07-20,0.7375,1.167,1.3034,1.0
23-Jul-2018,2018-07-23,0.7423,1.1716,1.31435,1.0
24-Jul-2018,2018-07-24,0.7376,1.1706,1.31345,1.0
25-Jul-2018,2018-07-25,0.7402,1.169,1.31605,1.0
26-Jul-2018,2018-07-26,0.7436,1.1716,1.31755,1.0
27-Jul-2018,2018-07-27,0.7389,1.1625,1.30985,1.0
30-Jul-2018,2018-07-30,0.7397,1.1684,1.31105,1.0
31-Jul-2018,2018-07-31,0.7431,1.1736,1.3163,1.0
1-Aug-2018,2018-08-01,0.7407,1.1696,1.3129,1.0
2-Aug-2018,2018-08-02,0.7385,1.1617,1.31095,1.0
3-Aug-2018,2018-08-03,0.737,1.1588,1.3003,1.0
6-Aug-2018,2018-08-06,0.737,1.1543,1.29355,1.0
7-Aug-2018,2018-08-07,0.7402,1.1602,1.2965,1.0
8-Aug-2018,2018-08-08,0.7427,1.1589,1.2861,1.0
9-Aug-2018,2018-08-09,0.7441,1.1593,1.2888,1.0
10-Aug-2018,2018-08-10,0.7331,1.1456,1.2771,1.0
13-Aug-2018,2018-08-13,0.7279,1.1403,1.275,1.0
14-Aug-2018,2018-08-14,0.7271,1.1406,1.2773,1.0
15-Aug-2018,2018-08-15,0.7213,1.1321,1.271,1.0
16-Aug-2018,2018-08-16,0.7275,1.137,1.26945,1.0
17-Aug-2018,2018-08-17,0.727,1.1391,1.2709,1.0
20-Aug-2018,2018-08-20,0.7306,1.1420000000000001,1.2751,1.0
21-Aug-2018,2018-08-21,0.736,1.1502,1.2835,1.0
22-Aug-2018,2018-08-22,0.7356,1.1616,1.2890000000000001,1.0
23-Aug-2018,2018-08-23,0.7294,1.1579,1.2904,1.0
24-Aug-2018,2018-08-24,0.728,1.1588,1.2857,1.0
27-Aug-2018,2018-08-27,0.7323,1.1633,1.2857,1.0
28-Aug-2018,2018-08-28,0.7328,1.171,1.28945,1.0
29-Aug-2018,2018-08-29,0.7309,1.166,1.2887,1.0
30-Aug-2018,2018-08-30,0.728,1.1692,1.30165,1.0
31-Aug-2018,2018-08-31,0.726,1.1651,1.30055,1.0
4-Sep-2018,2018-09-04,0.7228,1.1562,1.2824,1.0
5-Sep-2018,2018-09-05,0.7186,1.1582,1.28245,1.0
6-Sep-2018,2018-09-06,0.7171,1.1634,1.2934,1.0
7-Sep-2018,2018-09-07,0.7151,1.1615,1.3019999999999998,1.0
10-Sep-2018,2018-09-10,0.7115,1.1571,1.2931,1.0
11-Sep-2018,2018-09-11,0.7126,1.1574,1.3016,1.0
12-Sep-2018,2018-09-12,0.7103,1.1585,1.2984,1.0
13-Sep-2018,2018-09-13,0.7181,1.162,1.30615,1.0
14-Sep-2018,2018-09-14,0.72,1.1689,1.31195,1.0
17-Sep-2018,2018-09-17,0.7162,1.1671,1.3107,1.0
18-Sep-2018,2018-09-18,0.7207,1.1697,1.3139,1.0
19-Sep-2018,2018-09-19,0.7248,1.1667,1.3184,1.0
20-Sep-2018,2018-09-20,0.726,1.1769,1.32325,1.0
21-Sep-2018,2018-09-21,0.7296,1.1759,1.3189,1.0
24-Sep-2018,2018-09-24,0.7262,1.1773,1.3130000000000002,1.0
25-Sep-2018,2018-09-25,0.7244,1.1777,1.3154,1.0
26-Sep-2018,2018-09-26,0.7264,1.1737,1.31455,1.0
27-Sep-2018,2018-09-27,0.7233,1.1707,1.3139,1.0
28-Sep-2018,2018-09-28,0.7222,1.1576,1.3041,1.0
1-Oct-2018,2018-10-01,0.7222,1.1606,1.3039,1.0
2-Oct-2018,2018-10-02,0.72,1.1543,1.2947,1.0
3-Oct-2018,2018-10-03,0.7182,1.1548,1.2981,1.0
4-Oct-2018,2018-10-04,0.7085,1.1502,1.29825,1.0
5-Oct-2018,2018-10-05,0.7065,1.1506,1.30375,1.0
9-Oct-2018,2018-10-09,0.709,1.1435,1.3051,1.0
10-Oct-2018,2018-10-10,0.7118,1.15,1.3163,1.0
11-Oct-2018,2018-10-11,0.7072,1.1575,1.3207,1.0
12-Oct-2018,2018-10-12,0.7123,1.1574,1.32195,1.0
15-Oct-2018,2018-10-15,0.7108,1.1581,1.3174,1.0
16-Oct-2018,2018-10-16,0.7122,1.1587,1.32185,1.0
17-Oct-2018,2018-10-17,0.7136,1.153,1.3132,1.0
18-Oct-2018,2018-10-18,0.7131,1.1505,1.3129,1.0
19-Oct-2018,2018-10-19,0.7109,1.147,1.30305,1.0
22-Oct-2018,2018-10-22,0.7107,1.1494,1.3027,1.0
23-Oct-2018,2018-10-23,0.7063,1.1478,1.29865,1.0
24-Oct-2018,2018-10-24,0.7104,1.1389,1.2918,1.0
25-Oct-2018,2018-10-25,0.7077,1.1416,1.2895,1.0
26-Oct-2018,2018-10-26,0.7034,1.1345,1.2791,1.0
29-Oct-2018,2018-10-29,0.7099,1.1381,1.2827,1.0
30-Oct-2018,2018-10-30,0.7093,1.1372,1.2741,1.0
31-Oct-2018,2018-10-31,0.7085,1.1318,1.2774,1.0
1-Nov-2018,2018-11-01,0.713,1.1393,1.29155,1.0
2-Nov-2018,2018-11-02,0.7243,1.1417,1.3021,1.0
5-Nov-2018,2018-11-05,0.7189,1.137,1.30035,1.0
6-Nov-2018,2018-11-06,0.7213,1.1428,1.3068,1.0
7-Nov-2018,2018-11-07,0.7264,1.1487,1.3159999999999998,1.0
8-Nov-2018,2018-11-08,0.7274,1.1424,1.3104,1.0
9-Nov-2018,2018-11-09,0.7244,1.1346,1.3026,1.0
12-Nov-2018,2018-11-12,0.7226,1.1265,1.28685,1.0
13-Nov-2018,2018-11-13,0.7212,1.1261,1.2921,1.0
14-Nov-2018,2018-11-14,0.7217,1.1296,1.29345,1.0
15-Nov-2018,2018-11-15,0.7279,1.1305,1.28135,1.0
16-Nov-2018,2018-11-16,0.7269,1.1346,1.2815,1.0
19-Nov-2018,2018-11-19,0.7308,1.1427,1.28115,1.0
20-Nov-2018,2018-11-20,0.7274,1.1421,1.2847,1.0
21-Nov-2018,2018-11-21,0.7235,1.1409,1.2807,1.0
26-Nov-2018,2018-11-26,0.725,1.1363,1.2857,1.0
27-Nov-2018,2018-11-27,0.7228,1.1328,1.2745,1.0
28-Nov-2018,2018-11-28,0.7233,1.1284,1.28,1.0
29-Nov-2018,2018-11-29,0.7314,1.1387,1.2767,1.0
30-Nov-2018,2018-11-30,0.7316,1.1359,1.2755,1.0
3-Dec-2018,2018-12-03,0.7367,1.1332,1.2723,1.0
4-Dec-2018,2018-12-04,0.7375,1.1409,1.281,1.0
5-Dec-2018,2018-12-05,0.7288,1.1354,1.27735,1.0
6-Dec-2018,2018-12-06,0.7226,1.1351,1.2746,1.0
7-Dec-2018,2018-12-07,0.7233,1.1371,1.2770000000000001,1.0
10-Dec-2018,2018-12-10,0.7221,1.1425,1.26585,1.0
11-Dec-2018,2018-12-11,0.7205,1.1379,1.2605,1.0
12-Dec-2018,2018-12-12,0.7215,1.1346,1.2547,1.0
13-Dec-2018,2018-12-13,0.7226,1.1371,1.2654,1.0
14-Dec-2018,2018-12-14,0.7189,1.1285,1.2556,1.0
17-Dec-2018,2018-12-17,0.7173,1.1341,1.26415,1.0
18-Dec-2018,2018-12-18,0.7189,1.1377,1.2694,1.0
19-Dec-2018,2018-12-19,0.7193,1.1405,1.26495,1.0
20-Dec-2018,2018-12-20,0.7095,1.1451,1.26865,1.0
21-Dec-2018,2018-12-21,0.711,1.1414,1.2670000000000001,1.0
26-Dec-2018,2018-12-26,0.711,1.1414,1.2674,1.0
27-Dec-2018,2018-12-27,0.706,1.1377,1.2629,1.0
28-Dec-2018,2018-12-28,0.7051,1.1454,1.26955,1.0
2-Jan-2019,2019-01-02,0.702,1.1397,1.26605,1.0
3-Jan-2019,2019-01-03,0.6945,1.1348,1.2556,1.0
4-Jan-2019,2019-01-04,0.7024,1.1403,1.2666,1.0
7-Jan-2019,2019-01-07,0.7133,1.1445,1.2754,1.0
8-Jan-2019,2019-01-08,0.713,1.1440000000000001,1.27755,1.0
9-Jan-2019,2019-01-09,0.7154,1.1455,1.2733,1.0
10-Jan-2019,2019-01-10,0.7185,1.1535,1.2738,1.0
11-Jan-2019,2019-01-11,0.722,1.1533,1.2825,1.0
14-Jan-2019,2019-01-14,0.7184,1.1467,1.2875,1.0
15-Jan-2019,2019-01-15,0.7212,1.1424,1.28615,1.0
16-Jan-2019,2019-01-16,0.7196,1.1389,1.2849,1.0
17-Jan-2019,2019-01-17,0.7152,1.1396,1.2898,1.0
18-Jan-2019,2019-01-18,0.7193,1.1402,1.2933,1.0
22-Jan-2019,2019-01-22,0.7137,1.1354,1.2896,1.0
23-Jan-2019,2019-01-23,0.7137,1.1367,1.3034,1.0
24-Jan-2019,2019-01-24,0.711,1.1341,1.3021,1.0
25-Jan-2019,2019-01-25,0.7095,1.1346,1.3095,1.0
28-Jan-2019,2019-01-28,0.7095,1.1418,1.3145,1.0
29-Jan-2019,2019-01-29,0.7167,1.1422,1.3157,1.0
30-Jan-2019,2019-01-30,0.7195,1.1429,1.3101,1.0
31-Jan-2019,2019-01-31,0.7268,1.1488,1.31295,1.0
1-Feb-2019,2019-02-01,0.7241,1.1471,1.3062,1.0
4-Feb-2019,2019-02-04,0.7227,1.1445,1.3064,1.0
5-Feb-2019,2019-02-05,0.726,1.1423,1.30125,1.0
6-Feb-2019,2019-02-06,0.7153,1.1394,1.29515,1.0
7-Feb-2019,2019-02-07,0.7099,1.1345,1.2873,1.0
8-Feb-2019,2019-02-08,0.7076,1.1346,1.29605,1.0
11-Feb-2019,2019-02-11,0.7093,1.1309,1.2914,1.0
12-Feb-2019,2019-02-12,0.7072,1.1296,1.28545,1.0
13-Feb-2019,2019-02-13,0.7134,1.1305,1.2942,1.0
14-Feb-2019,2019-02-14,0.7119,1.1268,1.2807,1.0
15-Feb-2019,2019-02-15,0.7093,1.126,1.2819,1.0
19-Feb-2019,2019-02-19,0.7113,1.1294,1.29185,1.0
20-Feb-2019,2019-02-20,0.7163,1.1342,1.3024,1.0
21-Feb-2019,2019-02-21,0.7162,1.1354,1.30555,1.0
22-Feb-2019,2019-02-22,0.7093,1.1325,1.301,1.0
25-Feb-2019,2019-02-25,0.7144,1.1355,1.3085,1.0
26-Feb-2019,2019-02-26,0.7159,1.1361,1.3211,1.0
27-Feb-2019,2019-02-27,0.7183,1.1386,1.3318,1.0
28-Feb-2019,2019-02-28,0.7146,1.1416,1.3303,1.0
1-Mar-2019,2019-03-01,0.7093,1.1383,1.32235,1.0
4-Mar-2019,2019-03-04,0.7095,1.1337,1.3188,1.0
5-Mar-2019,2019-03-05,0.7076,1.1329,1.31775,1.0
6-Mar-2019,2019-03-06,0.7035,1.1305,1.3136,1.0
7-Mar-2019,2019-03-07,0.7049,1.1271,1.3138,1.0
8-Mar-2019,2019-03-08,0.7009,1.1222,1.3073,1.0
11-Mar-2019,2019-03-11,0.7044,1.1244,1.3021,1.0
12-Mar-2019,2019-03-12,0.7069,1.1275,1.3053,1.0
13-Mar-2019,2019-03-13,0.7055,1.1303,1.3157,1.0
14-Mar-2019,2019-03-14,0.7059,1.1295,1.32285,1.0
15-Mar-2019,2019-03-15,0.7081,1.1308,1.3264,1.0
18-Mar-2019,2019-03-18,0.7115,1.1349,1.32625,1.0
19-Mar-2019,2019-03-19,0.7105,1.1358,1.32775,1.0
20-Mar-2019,2019-03-20,0.7075,1.1354,1.32225,1.0
21-Mar-2019,2019-03-21,0.7145,1.1387,1.31245,1.0
22-Mar-2019,2019-03-22,0.7106,1.1302,1.3145,1.0
25-Mar-2019,2019-03-25,0.7079,1.1325,1.3188,1.0
26-Mar-2019,2019-03-26,0.7122,1.1291,1.3242,1.0
27-Mar-2019,2019-03-27,0.7101,1.1261,1.3225,1.0
28-Mar-2019,2019-03-28,0.7097,1.1218,1.3121,1.0
29-Mar-2019,2019-03-29,0.7087,1.1235,1.31055,1.0
1-Apr-2019,2019-04-01,0.7121,1.1236,1.3105,1.0
2-Apr-2019,2019-04-02,0.708,1.12,1.3058,1.0
3-Apr-2019,2019-04-03,0.7106,1.1243,1.3173,1.0
4-Apr-2019,2019-04-04,0.7111,1.1219,1.31475,1.0
5-Apr-2019,2019-04-05,0.7125,1.1233,1.30615,1.0
8-Apr-2019,2019-04-08,0.7094,1.1246,1.3053,1.0
9-Apr-2019,2019-04-09,0.7136,1.1277,1.3088,1.0
10-Apr-2019,2019-04-10,0.7144,1.1279,1.3081,1.0
11-Apr-2019,2019-04-11,0.7163,1.1264,1.3098,1.0
12-Apr-2019,2019-04-12,0.7132,1.1321,1.30825,1.0
15-Apr-2019,2019-04-15,0.7168,1.1313,1.3112,1.0
16-Apr-2019,2019-04-16,0.7147,1.1305,1.3087,1.0
17-Apr-2019,2019-04-17,0.72,1.1301,1.30465,1.0
18-Apr-2019,2019-04-18,0.7183,1.125,1.30095,1.0
19-Apr-2019,2019-04-19,0.7183,1.125,1.30095,1.0
22-Apr-2019,2019-04-22,0.7183,1.125,1.30095,1.0
23-Apr-2019,2019-04-23,0.7121,1.1245,1.3007,1.0
24-Apr-2019,2019-04-24,0.7039,1.1209,1.29375,1.0
25-Apr-2019,2019-04-25,0.7039,1.1123,1.2874,1.0
26-Apr-2019,2019-04-26,0.7025,1.1133,1.29115,1.0
29-Apr-2019,2019-04-29,0.7056,1.115,1.2921,1.0
30-Apr-2019,2019-04-30,0.7039,1.1218,1.30105,1.0
1-May-2019,2019-05-01,0.7054,1.1218,1.30655,1.0
2-May-2019,2019-05-02,0.702,1.1212,1.30575,1.0
3-May-2019,2019-05-03,0.6998,1.1155,1.2999,1.0
6-May-2019,2019-05-06,0.6989,1.1199,1.2999,1.0
7-May-2019,2019-05-07,0.7034,1.1185,1.30885,1.0
8-May-2019,2019-05-08,0.7023,1.1202,1.3017,1.0
9-May-2019,2019-05-09,0.6976,1.1193,1.2984,1.0
10-May-2019,2019-05-10,0.6995,1.123,1.3022,1.0
13-May-2019,2019-05-13,0.6976,1.1245,1.30245,1.0
14-May-2019,2019-05-14,0.6955,1.1226,1.29525,1.0
15-May-2019,2019-05-15,0.6932,1.1183,1.2907,1.0
16-May-2019,2019-05-16,0.6914,1.1203,1.2823,1.0
17-May-2019,2019-05-17,0.6881,1.1172,1.2757,1.0
20-May-2019,2019-05-20,0.692,1.1167,1.2741,1.0
21-May-2019,2019-05-21,0.6878,1.1161,1.26955,1.0
22-May-2019,2019-05-22,0.6875,1.1171,1.26675,1.0
23-May-2019,2019-05-23,0.6876,1.1139,1.2646,1.0
24-May-2019,2019-05-24,0.6888,1.1187,1.2693,1.0
28-May-2019,2019-05-28,0.6929,1.1192,1.26735,1.0
29-May-2019,2019-05-29,0.693,1.1156,1.2643,1.0
30-May-2019,2019-05-30,0.6929,1.1134,1.2631,1.0
31-May-2019,2019-05-31,0.6916,1.1151,1.25805,1.0
3-Jun-2019,2019-06-03,0.6948,1.1185,1.2647,1.0
4-Jun-2019,2019-06-04,0.6982,1.1244,1.2690000000000001,1.0
5-Jun-2019,2019-06-05,0.7,1.1257,1.27095,1.0
6-Jun-2019,2019-06-06,0.6975,1.1266,1.2691,1.0
7-Jun-2019,2019-06-07,0.697,1.1273,1.27165,1.0
10-Jun-2019,2019-06-10,0.697,1.1301,1.26755,1.0
11-Jun-2019,2019-06-11,0.6953,1.1320000000000001,1.27,1.0
12-Jun-2019,2019-06-12,0.6948,1.1323,1.2734,1.0
13-Jun-2019,2019-06-13,0.6913,1.1289,1.26705,1.0
14-Jun-2019,2019-06-14,0.6898,1.1265,1.26385,1.0
17-Jun-2019,2019-06-17,0.6878,1.1234,1.25945,1.0
18-Jun-2019,2019-06-18,0.684,1.1187,1.25355,1.0
19-Jun-2019,2019-06-19,0.6878,1.1207,1.2586,1.0
20-Jun-2019,2019-06-20,0.6895,1.1307,1.27,1.0
21-Jun-2019,2019-06-21,0.6933,1.1316,1.2663,1.0
24-Jun-2019,2019-06-24,0.6954,1.1394,1.27405,1.0
25-Jun-2019,2019-06-25,0.6958,1.1388,1.2756,1.0
26-Jun-2019,2019-06-26,0.697,1.1362,1.2689,1.0
27-Jun-2019,2019-06-27,0.6992,1.137,1.2714,1.0
28-Jun-2019,2019-06-28,0.7013,1.138,1.26875,1.0
1-Jul-2019,2019-07-01,0.6994,1.1349,1.2637,1.0
2-Jul-2019,2019-07-02,0.6979,1.1301,1.26275,1.0
3-Jul-2019,2019-07-03,0.6998,1.1293,1.25705,1.0
5-Jul-2019,2019-07-05,0.6998,1.126,1.25475,1.0
8-Jul-2019,2019-07-08,0.699,1.1215,1.2523,1.0
9-Jul-2019,2019-07-09,0.6958,1.1205,1.2465,1.0
10-Jul-2019,2019-07-10,0.6924,1.122,1.247,1.0
11-Jul-2019,2019-07-11,0.6972,1.1285,1.256,1.0
12-Jul-2019,2019-07-12,0.7001,1.1253,1.2532,1.0
15-Jul-2019,2019-07-15,0.7034,1.1269,1.2546,1.0
16-Jul-2019,2019-07-16,0.7036,1.1223,1.2418,1.0
17-Jul-2019,2019-07-17,0.701,1.1215,1.2405,1.0
18-Jul-2019,2019-07-18,0.7034,1.1216,1.24755,1.0
19-Jul-2019,2019-07-19,0.7065,1.1226,1.2543,1.0
22-Jul-2019,2019-07-22,0.7038,1.1215,1.2468,1.0
23-Jul-2019,2019-07-23,0.7019,1.1173,1.24605,1.0
24-Jul-2019,2019-07-24,0.6985,1.114,1.25185,1.0
25-Jul-2019,2019-07-25,0.6968,1.1115,1.2495,1.0
26-Jul-2019,2019-07-26,0.6944,1.1138,1.24285,1.0
29-Jul-2019,2019-07-29,0.6908,1.1119,1.2318,1.0
30-Jul-2019,2019-07-30,0.6895,1.1154,1.21695,1.0
31-Jul-2019,2019-07-31,0.6894,1.1151,1.2165,1.0
1-Aug-2019,2019-08-01,0.6851,1.1037,1.2103,1.0
2-Aug-2019,2019-08-02,0.6812,1.1106,1.2106,1.0
5-Aug-2019,2019-08-05,0.6812,1.1182,1.2164,1.0
6-Aug-2019,2019-08-06,0.6784,1.1187,1.2183,1.0
7-Aug-2019,2019-08-07,0.6716,1.1202,1.2137,1.0
8-Aug-2019,2019-08-08,0.6775,1.1193,1.2152,1.0
9-Aug-2019,2019-08-09,0.681,1.1198,1.2088,1.0
12-Aug-2019,2019-08-12,0.6786,1.1194,1.20865,1.0
13-Aug-2019,2019-08-13,0.6764,1.1222,1.2086,1.0
14-Aug-2019,2019-08-14,0.6788,1.1188,1.2099,1.0
15-Aug-2019,2019-08-15,0.6783,1.115,1.2093,1.0
16-Aug-2019,2019-08-16,0.679,1.1076,1.216,1.0
19-Aug-2019,2019-08-19,0.6783,1.1103,1.2123,1.0
20-Aug-2019,2019-08-20,0.6789,1.1076,1.2075,1.0
21-Aug-2019,2019-08-21,0.6781,1.1104,1.2123,1.0
22-Aug-2019,2019-08-22,0.6769,1.1083,1.21385,1.0
23-Aug-2019,2019-08-23,0.6756,1.1065,1.2218,1.0
26-Aug-2019,2019-08-26,0.6734,1.1116,1.22415,1.0
27-Aug-2019,2019-08-27,0.6758,1.1104,1.2254,1.0
28-Aug-2019,2019-08-28,0.6738,1.1083,1.2209999999999999,1.0
29-Aug-2019,2019-08-29,0.6722,1.1072,1.21965,1.0
30-Aug-2019,2019-08-30,0.6718,1.1036,1.2178,1.0
3-Sep-2019,2019-09-03,0.6719,1.0937,1.2031,1.0
4-Sep-2019,2019-09-04,0.6775,1.1018,1.2209999999999999,1.0
5-Sep-2019,2019-09-05,0.6817,1.1058,1.23355,1.0
6-Sep-2019,2019-09-06,0.6823,1.1027,1.2298,1.0
9-Sep-2019,2019-09-09,0.686,1.1033,1.23755,1.0
10-Sep-2019,2019-09-10,0.6857,1.104,1.2335,1.0
11-Sep-2019,2019-09-11,0.6875,1.1003,1.2354,1.0
12-Sep-2019,2019-09-12,0.6881,1.0963,1.23205,1.0
13-Sep-2019,2019-09-13,0.6873,1.1096,1.24525,1.0
16-Sep-2019,2019-09-16,0.6875,1.1031,1.2451,1.0
17-Sep-2019,2019-09-17,0.6841,1.1026,1.2404,1.0
18-Sep-2019,2019-09-18,0.6849,1.1053,1.2463,1.0
19-Sep-2019,2019-09-19,0.679,1.1067,1.24505,1.0
20-Sep-2019,2019-09-20,0.6802,1.103,1.2501,1.0
23-Sep-2019,2019-09-23,0.6778,1.0985,1.24295,1.0
24-Sep-2019,2019-09-24,0.6781,1.1003,1.24445,1.0
25-Sep-2019,2019-09-25,0.6782,1.0982,1.2417,1.0
26-Sep-2019,2019-09-26,0.6752,1.0938,1.23425,1.0
27-Sep-2019,2019-09-27,0.6762,1.0935,1.23065,1.0
30-Sep-2019,2019-09-30,0.6749,1.0889,1.2301,1.0
1-Oct-2019,2019-10-01,0.6708,1.0898,1.2303,1.0
2-Oct-2019,2019-10-02,0.6714,1.0925,1.22525,1.0
3-Oct-2019,2019-10-03,0.6717,1.0951,1.22925,1.0
4-Oct-2019,2019-10-04,0.6755,1.0979,1.2336,1.0
7-Oct-2019,2019-10-07,0.6755,1.0993,1.2329999999999999,1.0
8-Oct-2019,2019-10-08,0.6748,1.0986,1.2218,1.0
9-Oct-2019,2019-10-09,0.6736,1.0981,1.2224,1.0
10-Oct-2019,2019-10-10,0.6746,1.103,1.2246,1.0
11-Oct-2019,2019-10-11,0.6777,1.1043,1.25625,1.0
15-Oct-2019,2019-10-15,0.6773,1.1007,1.2647,1.0
16-Oct-2019,2019-10-16,0.6733,1.1025,1.27575,1.0
17-Oct-2019,2019-10-17,0.6785,1.1113,1.2878,1.0
18-Oct-2019,2019-10-18,0.6831,1.1144,1.2895,1.0
21-Oct-2019,2019-10-21,0.686,1.1173,1.29785,1.0
22-Oct-2019,2019-10-22,0.6876,1.113,1.2958,1.0
23-Oct-2019,2019-10-23,0.6843,1.1123,1.28615,1.0
24-Oct-2019,2019-10-24,0.6843,1.1128,1.28915,1.0
25-Oct-2019,2019-10-25,0.6818,1.1107,1.2833,1.0
28-Oct-2019,2019-10-28,0.6814,1.1087,1.28315,1.0
29-Oct-2019,2019-10-29,0.6854,1.1095,1.2851,1.0
30-Oct-2019,2019-10-30,0.6864,1.1106,1.2895,1.0
31-Oct-2019,2019-10-31,0.6926,1.1154,1.29595,1.0
1-Nov-2019,2019-11-01,0.6905,1.1139,1.2964,1.0
4-Nov-2019,2019-11-04,0.6921,1.1158,1.29195,1.0
5-Nov-2019,2019-11-05,0.6904,1.1109,1.2908,1.0
6-Nov-2019,2019-11-06,0.6897,1.109,1.2885,1.0
7-Nov-2019,2019-11-07,0.6867,1.1077,1.28275,1.0
8-Nov-2019,2019-11-08,0.6881,1.1034,1.2803,1.0
11-Nov-2019,2019-11-11,0.6853,1.1041,1.28315,1.0
12-Nov-2019,2019-11-12,0.6847,1.1015,1.2835,1.0
13-Nov-2019,2019-11-13,0.6843,1.1006,1.2833,1.0
14-Nov-2019,2019-11-14,0.6798,1.0997,1.28365,1.0
15-Nov-2019,2019-11-15,0.6795,1.1034,1.2878,1.0
18-Nov-2019,2019-11-18,0.6811,1.1061,1.2948,1.0
19-Nov-2019,2019-11-19,0.6798,1.1077,1.29385,1.0
20-Nov-2019,2019-11-20,0.6817,1.1059,1.2896,1.0
21-Nov-2019,2019-11-21,0.6797,1.1091,1.29515,1.0
22-Nov-2019,2019-11-22,0.6788,1.1058,1.2878,1.0
25-Nov-2019,2019-11-25,0.6794,1.1008,1.28725,1.0
26-Nov-2019,2019-11-26,0.6782,1.102,1.2873,1.0
27-Nov-2019,2019-11-27,0.6777,1.1009,1.2890000000000001,1.0
2-Dec-2019,2019-12-02,0.6774,1.1023,1.2918,1.0
3-Dec-2019,2019-12-03,0.6841,1.1071,1.29925,1.0
4-Dec-2019,2019-12-04,0.6825,1.1081,1.3062,1.0
5-Dec-2019,2019-12-05,0.6839,1.1094,1.3135,1.0
6-Dec-2019,2019-12-06,0.6843,1.1094,1.3130000000000002,1.0
9-Dec-2019,2019-12-09,0.6832,1.1075,1.3169,1.0
10-Dec-2019,2019-12-10,0.6829,1.1077,1.31765,1.0
11-Dec-2019,2019-12-11,0.6818,1.1075,1.31495,1.0
12-Dec-2019,2019-12-12,0.6882,1.1137,1.318,1.0
13-Dec-2019,2019-12-13,0.6926,1.1174,1.3389,1.0
16-Dec-2019,2019-12-16,0.6873,1.1146,1.33715,1.0
17-Dec-2019,2019-12-17,0.6871,1.1162,1.3207,1.0
18-Dec-2019,2019-12-18,0.6846,1.1115,1.318,1.0
19-Dec-2019,2019-12-19,0.688,1.1117,1.3093,1.0
20-Dec-2019,2019-12-20,0.689,1.1097,1.30195,1.0
23-Dec-2019,2019-12-23,0.689,1.1075,1.2982,1.0
26-Dec-2019,2019-12-26,0.689,1.1075,1.2982,1.0
27-Dec-2019,2019-12-27,0.689,1.1153,1.3079,1.0
30-Dec-2019,2019-12-30,0.689,1.1189,1.31215,1.0
2-Jan-2020,2020-01-02,0.7003,1.1193,1.31985,1.0
3-Jan-2020,2020-01-03,0.6966,1.1147,1.3057,1.0
6-Jan-2020,2020-01-06,0.6945,1.1194,1.3155,1.0
7-Jan-2020,2020-01-07,0.6928,1.1172,1.31475,1.0
8-Jan-2020,2020-01-08,0.6871,1.1115,1.3108,1.0
9-Jan-2020,2020-01-09,0.6873,1.111,1.30165,1.0
10-Jan-2020,2020-01-10,0.6873,1.1091,1.30735,1.0
13-Jan-2020,2020-01-13,0.6914,1.1126,1.2967,1.0
14-Jan-2020,2020-01-14,0.6902,1.1115,1.2998,1.0
15-Jan-2020,2020-01-15,0.6899,1.1142,1.3012,1.0
16-Jan-2020,2020-01-16,0.6907,1.1169,1.3061,1.0
17-Jan-2020,2020-01-17,0.6895,1.1108,1.3038,1.0
21-Jan-2020,2020-01-21,0.6865,1.1115,1.306,1.0
22-Jan-2020,2020-01-22,0.6839,1.1088,1.30995,1.0
23-Jan-2020,2020-01-23,0.6867,1.1091,1.3124,1.0
24-Jan-2020,2020-01-24,0.6847,1.1035,1.30885,1.0
27-Jan-2020,2020-01-27,0.6847,1.1025,1.3083,1.0
28-Jan-2020,2020-01-28,0.6762,1.1005,1.3014,1.0
29-Jan-2020,2020-01-29,0.6774,1.1001,1.3015,1.0
30-Jan-2020,2020-01-30,0.6739,1.1029,1.30735,1.0
31-Jan-2020,2020-01-31,0.6724,1.1052,1.31265,1.0
3-Feb-2020,2020-02-03,0.6696,1.1066,1.30555,1.0
4-Feb-2020,2020-02-04,0.6719,1.1048,1.30135,1.0
5-Feb-2020,2020-02-05,0.6738,1.1023,1.3061,1.0
6-Feb-2020,2020-02-06,0.676,1.1003,1.2963,1.0
7-Feb-2020,2020-02-07,0.6718,1.0969,1.29305,1.0
10-Feb-2020,2020-02-10,0.6699,1.0951,1.2922,1.0
11-Feb-2020,2020-02-11,0.6709,1.0901,1.2926,1.0
12-Feb-2020,2020-02-12,0.6728,1.0914,1.29825,1.0
13-Feb-2020,2020-02-13,0.6719,1.0867,1.29835,1.0
14-Feb-2020,2020-02-14,0.6719,1.0842,1.3031,1.0
18-Feb-2020,2020-02-18,0.6692,1.0816,1.30405,1.0
19-Feb-2020,2020-02-19,0.6696,1.08,1.2987,1.0
20-Feb-2020,2020-02-20,0.665,1.079,1.2872,1.0
21-Feb-2020,2020-02-21,0.6605,1.0801,1.2946,1.0
24-Feb-2020,2020-02-24,0.6609,1.0818,1.2904,1.0
25-Feb-2020,2020-02-25,0.6614,1.084,1.29655,1.0
26-Feb-2020,2020-02-26,0.6596,1.0875,1.2932,1.0
27-Feb-2020,2020-02-27,0.6555,1.0964,1.28685,1.0
28-Feb-2020,2020-02-28,0.6524,1.0977,1.2882,1.0
2-Mar-2020,2020-03-02,0.6522,1.1122,1.2784,1.0
3-Mar-2020,2020-03-03,0.6552,1.1117,1.27855,1.0
4-Mar-2020,2020-03-04,0.6595,1.1125,1.27965,1.0
5-Mar-2020,2020-03-05,0.662,1.1187,1.2922,1.0
6-Mar-2020,2020-03-06,0.6602,1.1336,1.3011,1.0
9-Mar-2020,2020-03-09,0.6602,1.1456,1.3101,1.0
10-Mar-2020,2020-03-10,0.6566,1.139,1.3036,1.0
11-Mar-2020,2020-03-11,0.6505,1.1336,1.2919999999999998,1.0
12-Mar-2020,2020-03-12,0.6457,1.124,1.2732,1.0
13-Mar-2020,2020-03-13,0.6307,1.1104,1.2517,1.0
16-Mar-2020,2020-03-16,0.6176,1.1157,1.2327,1.0
17-Mar-2020,2020-03-17,0.6121,1.0982,1.21135,1.0
18-Mar-2020,2020-03-18,0.6018,1.0934,1.1923,1.0
19-Mar-2020,2020-03-19,0.5571,1.0801,1.1541,1.0
20-Mar-2020,2020-03-20,0.5853,1.0707,1.17555,1.0
23-Mar-2020,2020-03-23,0.5762,1.0783,1.1531,1.0
24-Mar-2020,2020-03-24,0.5912,1.0843,1.1740000000000002,1.0
25-Mar-2020,2020-03-25,0.6007,1.0827,1.1884,1.0
26-Mar-2020,2020-03-26,0.5931,1.0981,1.1971,1.0
27-Mar-2020,2020-03-27,0.6102,1.0977,1.22175,1.0
30-Mar-2020,2020-03-30,0.615,1.1034,1.24135,1.0
31-Mar-2020,2020-03-31,0.6175,1.0956,1.23605,1.0
1-Apr-2020,2020-04-01,0.6124,1.0936,1.238,1.0
2-Apr-2020,2020-04-02,0.6081,1.0906,1.24455,1.0
3-Apr-2020,2020-04-03,0.6072,1.0906,1.22695,1.0
6-Apr-2020,2020-04-06,0.6035,1.0791,1.2309999999999999,1.0
7-Apr-2020,2020-04-07,0.6145,1.0885,1.22905,1.0
8-Apr-2020,2020-04-08,0.6146,1.0871,1.2348,1.0
9-Apr-2020,2020-04-09,0.6211,1.0867,1.24375,1.0
10-Apr-2020,2020-04-10,0.6211,1.0867,1.24375,1.0
13-Apr-2020,2020-04-13,0.6211,1.0867,1.24375,1.0
14-Apr-2020,2020-04-14,0.6419,1.0963,1.25485,1.0
15-Apr-2020,2020-04-15,0.6384,1.0903,1.25035,1.0
16-Apr-2020,2020-04-16,0.6286,1.0888,1.24925,1.0
17-Apr-2020,2020-04-17,0.636,1.0859999999999999,1.24455,1.0
20-Apr-2020,2020-04-20,0.6346,1.0859999999999999,1.24645,1.0
21-Apr-2020,2020-04-21,0.6314,1.0837,1.23375,1.0
22-Apr-2020,2020-04-22,0.6323,1.0867,1.2365,1.0
23-Apr-2020,2020-04-23,0.6341,1.0772,1.23485,1.0
24-Apr-2020,2020-04-24,0.6343,1.08,1.2356,1.0
27-Apr-2020,2020-04-27,0.6462,1.0852,1.2448,1.0
28-Apr-2020,2020-04-28,0.6457,1.0877,1.2493,1.0
29-Apr-2020,2020-04-29,0.6542,1.0842,1.2394,1.0
30-Apr-2020,2020-04-30,0.6566,1.0876,1.251,1.0
1-May-2020,2020-05-01,0.6459,1.0876,1.25515,1.0
4-May-2020,2020-05-04,0.6382,1.0942,1.24065,1.0
5-May-2020,2020-05-05,0.6459,1.0843,1.245,1.0
6-May-2020,2020-05-06,0.6449,1.0807,1.2374,1.0
7-May-2020,2020-05-07,0.6426,1.0783,1.2369,1.0
8-May-2020,2020-05-08,0.653,1.0843,1.2369,1.0
11-May-2020,2020-05-11,0.6543,1.0824,1.23165,1.0
12-May-2020,2020-05-12,0.6477,1.0858,1.23495,1.0
13-May-2020,2020-05-13,0.6473,1.0875,1.22945,1.0
14-May-2020,2020-05-14,0.6434,1.0792,1.2195,1.0
15-May-2020,2020-05-15,0.6455,1.0798,1.21985,1.0
18-May-2020,2020-05-18,0.6429,1.0832,1.2125,1.0
19-May-2020,2020-05-19,0.652,1.095,1.2249,1.0
20-May-2020,2020-05-20,0.6551,1.0958,1.22695,1.0
21-May-2020,2020-05-21,0.6556,1.1,1.2229,1.0
22-May-2020,2020-05-22,0.6541,1.0904,1.21855,1.0
26-May-2020,2020-05-26,0.6577,1.0975,1.2308,1.0
27-May-2020,2020-05-27,0.664,1.0991,1.2336,1.0
28-May-2020,2020-05-28,0.6612,1.1016,1.2238,1.0
29-May-2020,2020-05-29,0.6659,1.1136,1.2324,1.0
1-Jun-2020,2020-06-01,0.6659,1.1116,1.2381,1.0
2-Jun-2020,2020-06-02,0.6803,1.1174,1.256,1.0
3-Jun-2020,2020-06-03,0.694,1.1194,1.25865,1.0
4-Jun-2020,2020-06-04,0.6906,1.125,1.2534,1.0
5-Jun-2020,2020-06-05,0.7,1.133,1.26355,1.0
8-Jun-2020,2020-06-08,0.7,1.1285,1.26375,1.0
9-Jun-2020,2020-06-09,0.6995,1.1294,1.26445,1.0
10-Jun-2020,2020-06-10,0.6997,1.1375,1.27705,1.0
11-Jun-2020,2020-06-11,0.6929,1.1348,1.26845,1.0
12-Jun-2020,2020-06-12,0.6867,1.1304,1.26185,1.0
15-Jun-2020,2020-06-15,0.679,1.1253,1.25115,1.0
16-Jun-2020,2020-06-16,0.6946,1.1308,1.26495,1.0
17-Jun-2020,2020-06-17,0.6882,1.1232,1.2569,1.0
18-Jun-2020,2020-06-18,0.687,1.1222,1.25175,1.0
19-Jun-2020,2020-06-19,0.6861,1.121,1.2382,1.0
22-Jun-2020,2020-06-22,0.686,1.1213,1.2384,1.0
23-Jun-2020,2020-06-23,0.6897,1.1318,1.2451,1.0
24-Jun-2020,2020-06-24,0.6943,1.128,1.2521,1.0
25-Jun-2020,2020-06-25,0.6875,1.12,1.2443,1.0
26-Jun-2020,2020-06-26,0.6888,1.1213,1.2413,1.0
29-Jun-2020,2020-06-29,0.6879,1.1284,1.23185,1.0
30-Jun-2020,2020-06-30,0.6863,1.1198,1.22705,1.0
1-Jul-2020,2020-07-01,0.6895,1.12,1.24055,1.0
2-Jul-2020,2020-07-02,0.6924,1.1286,1.25065,1.0
7-Jul-2020,2020-07-07,0.6958,1.129,1.2495,1.0
8-Jul-2020,2020-07-08,0.6941,1.1286,1.2533,1.0
9-Jul-2020,2020-07-09,0.6986,1.1342,1.26385,1.0
10-Jul-2020,2020-07-10,0.6931,1.1276,1.26135,1.0
13-Jul-2020,2020-07-13,0.6978,1.1329,1.26055,1.0
14-Jul-2020,2020-07-14,0.6942,1.1375,1.25215,1.0
15-Jul-2020,2020-07-15,0.7,1.1444,1.26265,1.0
16-Jul-2020,2020-07-16,0.6993,1.1414,1.2532,1.0
17-Jul-2020,2020-07-17,0.6982,1.1428,1.25545,1.0
20-Jul-2020,2020-07-20,0.6987,1.1448,1.2604,1.0
21-Jul-2020,2020-07-21,0.704,1.1443,1.2701,1.0
22-Jul-2020,2020-07-22,0.7152,1.1578,1.26945,1.0
23-Jul-2020,2020-07-23,0.7151,1.1569,1.2713,1.0
24-Jul-2020,2020-07-24,0.7086,1.1608,1.2733,1.0
27-Jul-2020,2020-07-27,0.7129,1.176,1.2873,1.0
28-Jul-2020,2020-07-28,0.7141,1.1717,1.28815,1.0
29-Jul-2020,2020-07-29,0.7165,1.1725,1.2965,1.0
30-Jul-2020,2020-07-30,0.7159,1.1743,1.3014,1.0
31-Jul-2020,2020-07-31,0.7213,1.1848,1.3138,1.0
3-Aug-2020,2020-08-03,0.7213,1.1726,1.3014,1.0
4-Aug-2020,2020-08-04,0.7132,1.1765,1.3033,1.0
5-Aug-2020,2020-08-05,0.7181,1.1854,1.31235,1.0
6-Aug-2020,2020-08-06,0.7207,1.1843,1.31715,1.0
7-Aug-2020,2020-08-07,0.7207,1.1817,1.30775,1.0
10-Aug-2020,2020-08-10,0.7165,1.1763,1.3025,1.0
11-Aug-2020,2020-08-11,0.7177,1.1783,1.3089,1.0
12-Aug-2020,2020-08-12,0.7118,1.1771,1.30435,1.0
13-Aug-2020,2020-08-13,0.7172,1.1833,1.31005,1.0
14-Aug-2020,2020-08-14,0.7157,1.1813,1.31045,1.0
17-Aug-2020,2020-08-17,0.7183,1.1853,1.30865,1.0
18-Aug-2020,2020-08-18,0.7225,1.1906,1.3159999999999998,1.0
19-Aug-2020,2020-08-19,0.7249,1.1933,1.3219,1.0
20-Aug-2020,2020-08-20,0.7172,1.185,1.31285,1.0
21-Aug-2020,2020-08-21,0.7204,1.1769,1.3152,1.0
24-Aug-2020,2020-08-24,0.7178,1.1847,1.3117,1.0
25-Aug-2020,2020-08-25,0.7174,1.1814,1.3129,1.0
26-Aug-2020,2020-08-26,0.7193,1.1789,1.3153,1.0
27-Aug-2020,2020-08-27,0.7237,1.1806,1.31885,1.0
28-Aug-2020,2020-08-28,0.7299,1.1915,1.33035,1.0
31-Aug-2020,2020-08-31,0.7354,1.194,1.33035,1.0
1-Sep-2020,2020-09-01,0.7412,1.1987,1.34685,1.0
2-Sep-2020,2020-09-02,0.736,1.1861,1.3364,1.0
3-Sep-2020,2020-09-03,0.7306,1.1813,1.3252,1.0
8-Sep-2020,2020-09-08,0.7289,1.1785,1.30625,1.0
9-Sep-2020,2020-09-09,0.7225,1.1773,1.2929,1.0
10-Sep-2020,2020-09-10,0.728,1.1849,1.3021,1.0
11-Sep-2020,2020-09-11,0.7281,1.1854,1.2829,1.0
14-Sep-2020,2020-09-14,0.7287,1.1876,1.2879,1.0
15-Sep-2020,2020-09-15,0.7328,1.1892,1.29125,1.0
16-Sep-2020,2020-09-16,0.7311,1.1869,1.2966,1.0
17-Sep-2020,2020-09-17,0.7278,1.1797,1.29595,1.0
18-Sep-2020,2020-09-18,0.732,1.1833,1.29815,1.0
21-Sep-2020,2020-09-21,0.7315,1.1787,1.2861,1.0
22-Sep-2020,2020-09-22,0.7213,1.1740000000000002,1.2857,1.0
23-Sep-2020,2020-09-23,0.7135,1.1692,1.27245,1.0
24-Sep-2020,2020-09-24,0.7042,1.1645,1.2754,1.0
25-Sep-2020,2020-09-25,0.7061,1.1634,1.2701,1.0
28-Sep-2020,2020-09-28,0.7049,1.167,1.2902,1.0
29-Sep-2020,2020-09-29,0.7084,1.1702,1.28645,1.0
30-Sep-2020,2020-09-30,0.7108,1.1708,1.28325,1.0
1-Oct-2020,2020-10-01,0.7188,1.1752,1.28365,1.0
2-Oct-2020,2020-10-02,0.7139,1.173,1.2911,1.0
5-Oct-2020,2020-10-05,0.7139,1.1768,1.29475,1.0
6-Oct-2020,2020-10-06,0.7191,1.1795,1.29345,1.0
7-Oct-2020,2020-10-07,0.7124,1.177,1.28655,1.0
8-Oct-2020,2020-10-08,0.7145,1.1765,1.29005,1.0
9-Oct-2020,2020-10-09,0.7179,1.1795,1.29355,1.0
13-Oct-2020,2020-10-13,0.7185,1.1787,1.30575,1.0
14-Oct-2020,2020-10-14,0.717,1.175,1.29505,1.0
15-Oct-2020,2020-10-15,0.7136,1.1698,1.29555,1.0
16-Oct-2020,2020-10-16,0.7072,1.1741,1.2889,1.0
19-Oct-2020,2020-10-19,0.7086,1.1785,1.29955,1.0
20-Oct-2020,2020-10-20,0.7043,1.181,1.2955,1.0
21-Oct-2020,2020-10-21,0.7081,1.1852,1.3069,1.0
22-Oct-2020,2020-10-22,0.7093,1.1821,1.31015,1.0
23-Oct-2020,2020-10-23,0.7113,1.1856,1.3075,1.0
26-Oct-2020,2020-10-26,0.7116,1.1819,1.3055,1.0
27-Oct-2020,2020-10-27,0.7134,1.1832,1.3051,1.0
28-Oct-2020,2020-10-28,0.7145,1.1727,1.2953,1.0
29-Oct-2020,2020-10-29,0.7062,1.1704,1.2942,1.0
30-Oct-2020,2020-10-30,0.7044,1.1698,1.2984,1.0
2-Nov-2020,2020-11-02,0.7,1.1652,1.2907,1.0
3-Nov-2020,2020-11-03,0.703,1.1702,1.29885,1.0
4-Nov-2020,2020-11-04,0.7105,1.1721,1.3022,1.0
5-Nov-2020,2020-11-05,0.7166,1.1855,1.30725,1.0
6-Nov-2020,2020-11-06,0.7262,1.187,1.31305,1.0
9-Nov-2020,2020-11-09,0.7292,1.1883,1.3169,1.0
10-Nov-2020,2020-11-10,0.7282,1.1808,1.3264,1.0
11-Nov-2020,2020-11-11,0.7309,1.1766,1.32685,1.0
12-Nov-2020,2020-11-12,0.727,1.1791,1.31585,1.0
13-Nov-2020,2020-11-13,0.723,1.1815,1.3168,1.0
16-Nov-2020,2020-11-16,0.729,1.183,1.32045,1.0
17-Nov-2020,2020-11-17,0.7322,1.1882,1.32705,1.0
18-Nov-2020,2020-11-18,0.7295,1.1868,1.32785,1.0
19-Nov-2020,2020-11-19,0.7295,1.1832,1.3256,1.0
20-Nov-2020,2020-11-20,0.7295,1.1863,1.3278,1.0
23-Nov-2020,2020-11-23,0.7313,1.1901,1.33705,1.0
24-Nov-2020,2020-11-24,0.7317,1.1865,1.33375,1.0
25-Nov-2020,2020-11-25,0.7356,1.189,1.33285,1.0
30-Nov-2020,2020-11-30,0.7393,1.198,1.33555,1.0
1-Dec-2020,2020-12-01,0.7368,1.1968,1.3326,1.0
2-Dec-2020,2020-12-02,0.7375,1.2066,1.33445,1.0
3-Dec-2020,2020-12-03,0.7409,1.2151,1.3441,1.0
4-Dec-2020,2020-12-04,0.7428,1.2159,1.34655,1.0
7-Dec-2020,2020-12-07,0.743,1.2128,1.32555,1.0
8-Dec-2020,2020-12-08,0.7426,1.2114,1.33135,1.0
9-Dec-2020,2020-12-09,0.7442,1.2109,1.34585,1.0
10-Dec-2020,2020-12-10,0.7478,1.2115,1.3254,1.0
11-Dec-2020,2020-12-11,0.7561,1.2127,1.3183,1.0
14-Dec-2020,2020-12-14,0.754,1.2162,1.3183,1.0
15-Dec-2020,2020-12-15,0.7512,1.214,1.3379,1.0
16-Dec-2020,2020-12-16,0.7564,1.2189,1.3533,1.0
17-Dec-2020,2020-12-17,0.7587,1.2246,1.36085,1.0
18-Dec-2020,2020-12-18,0.7594,1.2259,1.3533,1.0
21-Dec-2020,2020-12-21,0.757,1.2173,1.3273,1.0
22-Dec-2020,2020-12-22,0.7557,1.2239,1.3406,1.0
23-Dec-2020,2020-12-23,0.7552,1.2166,1.3419999999999999,1.0
4-Jan-2021,2021-01-04,0.7703,1.2296,1.367,1.0
5-Jan-2021,2021-01-05,0.7701,1.2271,1.35915,1.0
6-Jan-2021,2021-01-06,0.7766,1.2338,1.36485,1.0
7-Jan-2021,2021-01-07,0.7795,1.2276,1.35655,1.0
8-Jan-2021,2021-01-08,0.7769,1.225,1.3591,1.0
11-Jan-2021,2021-01-11,0.7697,1.2163,1.34865,1.0
12-Jan-2021,2021-01-12,0.7691,1.2161,1.35885,1.0
13-Jan-2021,2021-01-13,0.7763,1.2166,1.36715,1.0
14-Jan-2021,2021-01-14,0.7751,1.2124,1.36485,1.0
15-Jan-2021,2021-01-15,0.7766,1.2123,1.36395,1.0
19-Jan-2021,2021-01-19,0.7718,1.2132,1.36135,1.0
20-Jan-2021,2021-01-20,0.7722,1.2101,1.36765,1.0
21-Jan-2021,2021-01-21,0.7771,1.2158,1.3718,1.0
22-Jan-2021,2021-01-22,0.7746,1.2158,1.36685,1.0
25-Jan-2021,2021-01-25,0.7738,1.2152,1.369,1.0
26-Jan-2021,2021-01-26,0.7738,1.2143,1.36725,1.0
27-Jan-2021,2021-01-27,0.7736,1.2114,1.3716,1.0
28-Jan-2021,2021-01-28,0.7628,1.2091,1.3645,1.0
29-Jan-2021,2021-01-29,0.7645,1.2136,1.3718,1.0
1-Feb-2021,2021-02-01,0.7652,1.2084,1.37095,1.0
2-Feb-2021,2021-02-02,0.7623,1.2044,1.36725,1.0
3-Feb-2021,2021-02-03,0.7613,1.2017,1.36305,1.0
4-Feb-2021,2021-02-04,0.7624,1.1996,1.36035,1.0
5-Feb-2021,2021-02-05,0.7593,1.1983,1.36885,1.0
8-Feb-2021,2021-02-08,0.7673,1.2025,1.3683,1.0
9-Feb-2021,2021-02-09,0.7727,1.2104,1.37765,1.0
10-Feb-2021,2021-02-10,0.774,1.2127,1.3835,1.0
11-Feb-2021,2021-02-11,0.7735,1.2147,1.3826,1.0
12-Feb-2021,2021-02-12,0.7745,1.2108,1.3783,1.0
16-Feb-2021,2021-02-16,0.7796,1.2143,1.39255,1.0
17-Feb-2021,2021-02-17,0.7753,1.206,1.3861,1.0
18-Feb-2021,2021-02-18,0.7754,1.2084,1.3943,1.0
19-Feb-2021,2021-02-19,0.777,1.2139,1.3999,1.0
22-Feb-2021,2021-02-22,0.7876,1.2133,1.4022,1.0
23-Feb-2021,2021-02-23,0.7923,1.2143,1.4089,1.0
24-Feb-2021,2021-02-24,0.7913,1.2146,1.41355,1.0
25-Feb-2021,2021-02-25,0.797,1.2225,1.4136,1.0
26-Feb-2021,2021-02-26,0.7829,1.2121,1.3925,1.0
